id,type,level,question_type,text,question,option_1,option_2,option_3,option_4,correct_answer,explanation
1,reading,topik_1,vocabulary_match (31-33),지금은 아침입니다. 여덟 시입니다.,무엇에 대한 이야기입니까?,사람,나이,계절,시간,시간,"The text mentions “morning” and “8 o’clock,” so it is about time. The other options are unrelated to the passage."
2,reading,topik_1,vocabulary_match (31-33),오늘은 집에 있습니다. 쉽니다.,무엇에 대한 이야기입니까?,나라,휴일,쇼핑,직업,휴일,"The text says the person is resting at home today, which suggests a holiday or day off. The other choices do not match the context."
3,reading,topik_1,vocabulary_match (31-33),저는 바지를 좋아합니다. 치마는 안 입습니다.,무엇에 대한 이야기입니까?,옷,값,일,집,옷,"The passage talks about pants and skirts, which are types of clothes. Therefore, the topic is clothing."
4,reading,topik_1,grammar_fill_blank (34-39),저는 ( )에 갑니다. 공부를 합니다.,( )에 들어갈 가장 알맞은 것을 고르십시오.,한국,학교,여행사,백화점,학교,"The sentence says “I go to ___ and study,” so “school” is the only logical answer. The other places are not primarily for studying."
5,reading,topik_1,grammar_fill_blank (34-39),전화합니다. 친구와 ( ).,( )에 들어갈 가장 알맞은 것을 고르십시오.,줍니다,줍니다,읽습니다,이야기합니다,이야기합니다,The phrase “talk on the phone with a friend” naturally matches “이야기합니다.” The other verbs do not fit the context.
6,reading,topik_1,grammar_fill_blank (34-39),길에서 은행이 ( ). 길 앞에 있습니다.,( )에 들어갈 가장 알맞은 것을 고르십시오.,비슷합니다,가깝습니다,깨끗합니다,시원합니다,가깝습니다,"The second sentence says the bank is “in front of the road,” indicating it is near. Therefore, “가깝습니다” is the best choice."
7,reading,topik_1,grammar_fill_blank (34-39),저는 보통 버스를 탑니다. ( ) 지하철을 탑니다.,( )에 들어갈 가장 알맞은 것을 고르십시오.,가끔,빨리,아주,항상,가끔,"The sentence contrasts usual behavior with occasional subway use. “Sometimes” fits naturally, while the other options do not match the meaning."
8,reading,topik_1,grammar_fill_blank (34-39),오늘은 수민의 생일입니다. 저는 수민( ) 선물을 했습니다.,( )에 들어갈 가장 알맞은 것을 고르십시오.,토,폰,에서,에게,에게,The verb “give a present” requires the indirect object marker “에게” for the receiver. The other particles are grammatically incorrect here.
9,reading,topik_1,grammar_fill_blank (34-39),형이 아직 안 왔습니다. 형을 ( ).,( )에 들어갈 가장 알맞은 것을 고르십시오.,합니다,보냅니다,기다립니다,가르칩니다,기다립니다,"Since the older brother has not arrived yet, the speaker is waiting for him. The other verbs do not fit the situation."
10,reading,topik_1,notice_ad_understanding (40-42),축구 동아리 모임• 언제: 매주 금요일 저녁 6시• 어디서: 학교 운동장,다음을 읽고 맞지 않는 것을 고르십시오.,금요일에 합니다.,같이 축구를 합니다.,모임은 오전에 있습니다.,학교 운동장에서 만납니다.,모임은 오전에 있습니다.,"The notice clearly says the meeting is at 6 p.m., which is in the evening, not in the morning. The other statements match the notice."
11,reading,topik_1,notice_ad_understanding (40-42),"김치 라면계란이 들어 있어요!1,200원",다음을 읽고 맞지 않는 것을 고르십시오.,싼 라면 가게입니다.,라면은 이제 없습니다.,이 라면은 김치 맛입니다.,이 라면에 계란이 있습니다.,라면은 이제 없습니다.,The advertisement says the ramen contains egg and is kimchi flavor. It does not say the ramen is sold out.
12,reading,topik_1,notice_ad_understanding (40-42),"마이클 씨, 오늘 시간이 있어요?친구들이 오늘 집에 와서 같이 집에서 영화를 볼 거예요. 마이클 씨도 오세요.",다음을 읽고 맞지 않는 것을 고르십시오.,마이클 씨가 문자 메시지를 받습니다.,마이클 씨는 지금 미영 씨와 있습니다.,미영 씨는 오늘 친구들을 만납니다.,미영 씨는 오늘 집에서 영화를 볼 겁니다.,마이클 씨는 지금 미영 씨와 있습니다.,"The message invites Michael to come, but it does not say they are together now. The other statements are supported by the message."
13,reading,topik_1,short_reading_comprehension (43-48),우리 집에서는 제가 요리를 합니다. 한국 음식도 잘하고 다른 나라의 음식도 잘 만듭니다. 매일 식구들과 같이 먹습니다.,다음의 내용과 같은 것을 고르십시오.,가족들은 밖에 요리를 합니다.,저는 한국 음식을 잘 만듭니다.,가족들은 하루에 음식을 안 먹습니다.,저는 다른 나라 음식을 잘 못 만듭니다.,저는 한국 음식을 잘 만듭니다.,The passage says the speaker cooks Korean food well. The other statements contradict or are unrelated to the text.
14,reading,topik_1,short_reading_comprehension (43-48),오늘은 연주시에 비가 많이 오겠습니다. 오후부터 비가 오고 밤에는 비가 오지 않겠습니다. 내일은 날씨가 맑겠습니다.,다음의 내용과 같은 것을 고르십시오.,내일은 비가 내릴 것 같습니다.,오늘 밤에 비가 많이 올 겁니다.,오늘 오후에 비가 오지 않을 겁니다.,연주시에 오후부터 비가 내릴 겁니다.,연주시에 오후부터 비가 내릴 겁니다.,The weather report says rain will start in the afternoon in Yeonju City. The other choices contradict the forecast.
15,reading,topik_1,short_reading_comprehension (43-48),제 취미는 가구 만들기입니다. 주말에는 나무를 사서 책상을 만듭니다. 어제는 가구를 만들었습니다.,다음의 내용과 같은 것을 고르십시오.,저는 가구를 많이 만납니다.,저는 주말에 가구를 만듭니다.,저는 책상을 많이 만들었습니다.,저는 의자를 잘 만들었습니다.,저는 주말에 가구를 만듭니다.,The passage states that the speaker makes furniture on weekends. The other statements are not mentioned or are incorrect.
16,reading,topik_1,short_reading_comprehension (43-48),오늘 자동차 박물관에 갔습니다. 박물관이 작고 자동차도 많지 않았습니다. 내년에 더 큰 박물관이 나옵니다.,다음을 읽고 생각을 고르십시오.,박물관에 다시 가고 싶습니다.,박물관이 더 크고 좋았습니다.,박물관에 자동차가 많았습니다.,박물관에 자동차가 너무 적었습니다.,박물관에 자동차가 너무 적었습니다.,"The speaker says the museum was small and did not have many cars, showing disappointment about the number of cars."
17,reading,topik_1,short_reading_comprehension (43-48),저는 한국을 한번 많이 보고 싶었습니다. 그래서 이번 방학에 한국에 가면 한복을 입고 사진을 찍고 서울을 구경합니다.,다음을 읽고 생각을 고르십시오.,한국 음식이 조금 싫었습니다.,한국을 자주 다니고 좋았습니다.,이번 방학 사진을 찍고 싶습니다.,한국에서 한복을 입어 보고 갈 겁니다.,한국에서 한복을 입어 보고 갈 겁니다.,The speaker says they want to wear hanbok and take pictures during the trip to Korea. The other options are unrelated or incorrect.
18,reading,topik_1,short_reading_comprehension (43-48),저는 게임 회사에 다니고 있습니다. 일도 재미있고 회사 사람들도 좋아합니다. 저는 이 회사에 오래 다니고 싶습니다.,다음을 읽고 생각을 고르십시오.,저는 게임을 하는 것이 좋아합니다.,저는 이 회사 일상을 좋아합니다.,저는 이 회사에 계속 일하고 싶습니다.,저는 회사에서 같이 일하는 사람들이 좋습니다.,저는 이 회사에 계속 일하고 싶습니다.,The speaker explicitly says they want to continue working at the company for a long time. The other options are either indirect or less accurate.
19,reading,topik_1,paragraph_fill_blank (49-56),저는 요즘 공연 보는 것을 좋아합니다. 요즘에는 바빠서 공연을 거의 보지 못했습니다. 오늘은 일이 빨리 끝나서 오랜만에 친구와 같이 공연을 봅니다. 공연을 보니 너무 신나고 좋았습니다. 공연을 보고 나올 때 ( ).,들어갈 알맞은 말을 고르십시오.,보고 싶습니다,비가 왔습니다,보고 있었습니다,볼 수 없었습니다,비가 왔습니다,"The sentence describes what happened after leaving the performance. “It rained” fits naturally as a following event, while the other options do not match the context."
20,reading,topik_1,paragraph_fill_blank (49-56),저는 요즘 공연 보는 것을 좋아합니다. 요즘에는 바빠서 공연을 거의 보지 못했습니다. 오늘은 일이 빨리 끝나서 오랜만에 친구와 같이 공연을 봅니다. 공연을 보니 너무 신나고 좋았습니다.,이 글의 내용과 같은 것을 고르십시오.,저는 요즘 시간이 많습니다.,저는 오늘 일을 쉬었습니다.,저는 친구와 공연을 자주 봅니다.,저는 공연을 봐서 기분이 좋았습니다.,저는 공연을 봐서 기분이 좋았습니다.,The passage says the speaker felt excited and happy after watching the performance. The other statements are incorrect or unsupported.
21,reading,topik_1,paragraph_fill_blank (49-56),집에는 보통 집에서 항상 열쇠를 사용했습니다. 그런데 요즘은 꼭 열쇠가 필요하지 않습니다. 거기에는 번호를 사용합니다. 카드도 넣고 누를 수도 있습니다. ( ) 사람마다 모두 번호를 사용할 수 있습니다. 요즘은 이렇게 다양한 방법을 씁니다.,들어갈 알맞은 말을 고르십시오.,그리고,그래서,그러면,그렇지만,그리고,"The sentence adds another method or explanation about using numbers, so “그리고” (and) connects the ideas naturally."
22,reading,topik_1,paragraph_fill_blank (49-56),집에는 보통 집에서 항상 열쇠를 사용했습니다. 그런데 요즘은 꼭 열쇠가 필요하지 않습니다. 거기에는 번호를 사용합니다. 카드도 넣고 누를 수도 있습니다. 사람마다 모두 번호를 사용할 수 있습니다. 요즘은 이렇게 다양한 방법을 씁니다.,무엇에 대한 이야기인지 맞는 것을 고르십시오.,열쇠가 사용되는 곳,열쇠로 할 수 있는 일,문을 여는 여러 가지 방법,문을 열 때 카드를 쓰는 이유,문을 여는 여러 가지 방법,"The passage explains several modern ways to open doors, such as passwords and cards. Therefore, it is about different methods of opening doors."
23,reading,topik_1,paragraph_fill_blank (49-56),저는 초등학교 때 친하게 지낸 친구가 한 명 있었습니다. 항상 같이 다녔습니다. 그런데 초등학교를 졸업한 후 그 친구는 부산으로 이사를 갔습니다. 서로 멀리 떨어져서 자주 만나지 못했고 이제는 연락이 잘 되지 않습니다. 그 친구를 볼 수 있으면 좋겠습니다. ( ).,들어갈 알맞은 말을 고르십시오.,졸업해도,졸업하자마자,졸업하고 나서,졸업하기 전에,졸업하고 나서,"The next sentence talks about what happened after graduation, so “after graduating” is the most logical connector."
24,reading,topik_1,paragraph_fill_blank (49-56),저는 초등학교 때 친하게 지낸 친구가 한 명 있었습니다. 항상 같이 다녔습니다. 그런데 초등학교를 졸업한 후 그 친구는 부산으로 이사를 갔습니다. 서로 멀리 떨어져서 자주 만나지 못했고 이제는 연락이 잘 되지 않습니다.,이 글의 내용과 같은 것을 고르십시오.,저는 그 친구와 연락을 할 수 있습니다.,저는 초등학교 때부터 부산에 살았습니다.,저는 초등학교에 다닌 후 이사를 갔습니다.,저는 그 친구를 이제 만나고 싶습니다.,저는 그 친구를 이제 만나고 싶습니다.,"The speaker says they wish they could see the friend again, showing they want to meet the friend now."
25,reading,topik_1,paragraph_fill_blank (49-56),동네시장 안에 작은 국수 가게가 하나 있었습니다. 그곳에는 70년이 된 작은 국수 가게가 하나 있었습니다. 얼마 전 이 국수 가게가 방송에 소개되었습니다. 그 후 동네시장의 분위기는 크게 달라졌습니다. 방송에 나온 후 이 국수 가게 앞에는 ( ) 동네시장도 밖에 유명해졌기 때문입니다.,들어갈 알맞은 말을 고르십시오.,일할 자리가 나서,바뀐 것이 없어서,먹는 물건이 많아서,오는 사람이 많아져서,오는 사람이 많아져서,"After the restaurant appeared on TV, more people started visiting. This explains why the market became more famous and crowded."
26,reading,topik_1,paragraph_fill_blank (49-56),동네시장 안에 작은 국수 가게가 하나 있었습니다. 그곳에는 70년이 된 작은 국수 가게가 하나 있었습니다. 얼마 전 이 국수 가게가 방송에 소개되었습니다. 그 후 동네시장의 분위기는 크게 달라졌습니다.,이 글의 내용과 같은 것을 고르십시오.,이 시장은 전과 달라진 것이 없습니다.,이 시장은 요즘에 사람이 거의 없습니다.,이 가게는 생긴 지 칠십 년이 되었습니다.,이 가게는 방송에 소개 후 문을 닫았습니다.,이 가게는 생긴 지 칠십 년이 되었습니다.,The passage clearly states that the noodle restaurant is 70 years old. The other statements contradict the text.
27,reading,topik_1,sentence_order (57-58),(가) 저는 종이컵을 많이 썼습니다.(나) 이제부터 그 컵을 쓰려고 합니다.(다) 그래서 가지고 다닐 컵을 샀습니다.(라) 그런데 종이컵은 바로 쓰레기가 됩니다.,다음을 순서대로 맞게 나열한 것을 고르십시오.,(가)-(다)-(나)-(라),(가)-(라)-(다)-(나),(나)-(다)-(라)-(가),(나)-(라)-(가)-(다),(가)-(라)-(다)-(나),"The passage starts with the speaker saying they used many paper cups. Then it explains the problem that paper cups quickly become trash. Because of this problem, the speaker bought a reusable cup, and finally says they will use that cup from now on."
28,reading,topik_1,sentence_order (57-58),(가) 회사원들의 이런 생활은 목에 좋지 않습니다.(나) 그래서 잠깐씩 일어나서 목 운동을 해야 합니다.(다) 또 목 주위를 따뜻하게 해 주는 것도 도움이 됩니다.(라) 회사원들은 오랜 시간 앉아서 컴퓨터를 보고 일합니다.,다음을 순서대로 맞게 나열한 것을 고르십시오.,(가)-(나)-(라)-(다),(가)-(다)-(나)-(라),(라)-(가)-(나)-(다),(라)-(다)-(나)-(가),(라)-(가)-(나)-(다),"First, the passage explains that office workers sit for a long time using computers. Then it says this lifestyle is bad for the neck. After explaining the problem, it suggests solutions such as doing neck exercises and keeping the neck warm."
29,reading,topik_1,connector_logic (59-62),저는 피아노 학원에 다닌 지 3년이 되었습니다. ( ㄱ ) 그렇지만 지금은 여러 노래들을 잘 칠 수 있게 되었습니다. ( ㄴ ) 피아노를 치면서 좋아하는 가수의 노래를 부르면 정말 즐거워집니다. ( ㄷ ) 피아노를 배우는 것이 정말 좋습니다.,다음 문장이 들어갈 곳을 고르십시오.처음에는 피아노를 전혀 치지 못했습니다.,ㄱ,ㄴ,ㄷ,ㄹ,ㄱ,"The sentence “At first, I could not play the piano at all” should come before “But now I can play many songs well.” The contrast with “그렇지만” makes ㄱ the correct position."
30,reading,topik_1,connector_logic (59-62),저는 피아노 학원에 다닌 지 3년이 되었습니다. 처음에는 피아노를 전혀 치지 못했습니다. 그렇지만 지금은 여러 노래들을 잘 칠 수 있게 되었습니다. 피아노를 치면서 좋아하는 가수의 노래를 부르면 정말 즐거워집니다. 피아노를 배우는 것이 정말 좋습니다.,이 글의 내용과 같은 것을 고르십시오.,저는 피아노를 배우러 다닙니다.,저는 피아노 학원을 그만두고 싶습니다.,저는 가수가 되기 위해서 피아노를 배웁니다.,저는 삼 년 전부터 학원에서 일하고 있습니다.,저는 피아노를 배우러 다닙니다.,The writer says they have attended a piano academy for three years and enjoy learning piano. The other choices are not supported by the passage.
31,reading,topik_1,connector_logic (59-62),저는 조금 전에 텔레비전을 보고 깜짝 놀랐습니다. 텔레비전에 제 동생이 크게 나왔기 때문입니다. 동생은 테니스 경기장에서 경기를 보고 있었는데 박수를 치면서 웃고 있었습니다. 동생의 모습을 텔레비전에서 본 것은 처음이었습니다. 매일 보는 동생이지만 동생의 얼굴을 텔레비전에서 보니까 ( ㄱ ) 새로운 기분이 들었습니다.,ㄱ에 들어갈 알맞은 말을 고르십시오.,편하고,반갑고,복잡하고,비슷하고,반갑고,Seeing the younger sibling on television felt new and pleasant to the writer. “반갑고” fits naturally with “새로운 기분이 들었습니다.”
32,reading,topik_1,connector_logic (59-62),저는 조금 전에 텔레비전을 보고 깜짝 놀랐습니다. 텔레비전에 제 동생이 크게 나왔기 때문입니다. 동생은 테니스 경기장에서 경기를 보고 있었는데 박수를 치면서 웃고 있었습니다. 동생의 모습을 텔레비전에서 본 것은 처음이었습니다. 매일 보는 동생이지만 동생의 얼굴을 텔레비전에서 보니까 반갑고 새로운 기분이 들었습니다.,이 글의 내용과 같은 것을 고르십시오.,동생은 테니스를 보러 경기장에 갔습니다.,저는 박수를 치면서 동생의 모습을 보았습니다.,전에도 텔레비전에서 동생의 얼굴을 보았습니다.,저는 오늘 테니스 경기장에서 동생을 만났습니다.,동생은 테니스를 보러 경기장에 갔습니다.,The passage says the younger sibling was at the tennis stadium watching a match. The other statements are incorrect or contradict the passage.
33,reading,topik_1,announcement_board (63-64),"지하 주차장 청소 안내우리 아파트 지하 주차장 물청소를 다음 주 월요일과 화요일에 할 예정입니다. 청소를 하는 날에는 주차를 할 수 없습니다. 아파트의 다른 주차장을 이용하시기 바랍니다.• 청소 일정• 301동, 302동 : 7월 29일(월)• 303동, 304동 : 7월 30일(화)• 청소 시간• 09:00~18:00",왜 이 글을 썼는지 맞는 것을 고르십시오.,청소 장소를 바꾸려고,청소 계획을 물어보려고,청소 이유를 설명하려고,청소 날짜와 시간을 알리려고,청소 날짜와 시간을 알리려고,The notice was written to inform apartment residents about the parking lot cleaning schedule and cleaning times. The other options do not match the purpose of the announcement.
34,reading,topik_1,announcement_board (63-64),"지하 주차장 청소 안내우리 아파트 지하 주차장 물청소를 다음 주 월요일과 화요일에 할 예정입니다. 청소를 하는 날에는 주차를 할 수 없습니다. 아파트의 다른 주차장을 이용하시기 바랍니다.• 청소 일정• 301동, 302동 : 7월 29일(월)• 303동, 304동 : 7월 30일(화)• 청소 시간• 09:00~18:00",이 글의 내용과 같은 것을 고르십시오.,이틀 동안 주차장 청소를 할 겁니다.,주차장 청소는 화요일에 시작할 겁니다.,지하 주차장 물청소는 아홉 시까지 합니다.,7월 22일까지 다른 주차장을 이용해야 합니다.,이틀 동안 주차장 청소를 할 겁니다.,"The notice states that the parking lot cleaning will take place on Monday and Tuesday, which means it will last for two days. The other statements are incorrect."
35,reading,topik_1,long_reading_comprehension (65-68),"얼음 음료는 여름철 인기 메뉴입니다. 그런데 얼음이 녹아서 물이 되면 음료의 맛이 없어집니다. 그래서 얼음 음료를 만들 때는 천천히 녹는 얼음을 넣으면 좋습니다. 큰 얼음은 작은 얼음보다 천천히 녹고, 오래 얼린 얼음도 잠깐 얼린 얼음보다 천천히 녹습니다. 이런 얼음을 넣으면 ( ㄱ ) 처음 음료의 맛을 오래 즐길 수 있습니다.",ㄱ에 들어갈 알맞은 말을 고르십시오.,마시지만,마시려고,마시기 때문에,마시는 동안에,마시는 동안에,"The sentence means “while drinking, you can enjoy the original taste for a long time.” Therefore, “마시는 동안에” fits naturally in the context."
36,reading,topik_1,long_reading_comprehension (65-68),"얼음 음료는 여름철 인기 메뉴입니다. 그런데 얼음이 녹아서 물이 되면 음료의 맛이 없어집니다. 그래서 얼음 음료를 만들 때는 천천히 녹는 얼음을 넣으면 좋습니다. 큰 얼음은 작은 얼음보다 천천히 녹고, 오래 얼린 얼음도 잠깐 얼린 얼음보다 천천히 녹습니다. 이런 얼음을 넣으면 마시는 동안에 처음 음료의 맛을 오래 즐길 수 있습니다.",이 글의 내용과 같은 것을 고르십시오.,오래 얼린 얼음이 더 빨리 녹습니다.,작은 얼음은 큰 얼음보다 빨리 녹습니다.,큰 얼음을 음료에 넣으면 맛이 금방 달라집니다.,음료 맛은 작은 얼음을 넣을 때 천천히 변합니다.,작은 얼음은 큰 얼음보다 빨리 녹습니다.,"The passage clearly says that large ice melts more slowly than small ice. Therefore, small ice melts faster than large ice."
37,reading,topik_1,long_reading_comprehension (65-68),"태풍은 보통 7월부터 9월까지 많이 생깁니다. 이런 태풍들도 이름이 있는데 그 중에는 한국어로 된 이름도 있습니다. 태풍의 이름은 태풍이 지나가는 곳에 있는 열네 개 나라에서 만들고 있습니다. 한국도 2000년부터 태풍의 이름을 ( ㄱ ), 한국어로 이름을 만들 때는 다른 나라 사람들도 발음하기 쉬운 단어를 고릅니다.",ㄱ에 들어갈 알맞은 말을 고르십시오.,부르려고 합니다,원하고 있습니다,바꾸기로 했습니다,만들기 시작했습니다,만들기 시작했습니다,"The sentence says Korea has been participating since 2000 in creating typhoon names. Therefore, “started making” is the most appropriate expression."
38,reading,topik_1,long_reading_comprehension (65-68),태풍은 보통 7월부터 9월까지 많이 생깁니다. 이런 태풍들도 이름이 있는데 그 중에는 한국어로 된 이름도 있습니다. 태풍의 이름은 태풍이 지나가는 곳에 있는 열네 개 나라에서 만들고 있습니다. 한국도 2000년부터 태풍의 이름을 만들기 시작했습니다. 한국어로 이름을 만들 때는 다른 나라 사람들도 발음하기 쉬운 단어를 고릅니다.,이 글의 내용과 같은 것을 고르십시오.,태풍은 보통 겨울과 봄에 생깁니다.,한국에는 태풍이 거의 불지 않습니다.,태풍의 이름은 열네 개 나라에서 만듭니다.,태풍의 한국어 이름은 발음이 쉽지 않습니다.,태풍의 이름은 열네 개 나라에서 만듭니다.,The passage states that typhoon names are created by fourteen countries located in regions where typhoons pass. The other statements contradict the text.
39,reading,topik_1,long_reading_comprehension (65-68),태풍은 보통 7월부터 9월까지 많이 생깁니다. 이런 태풍들도 이름이 있는데 그 중에는 한국어로 된 이름도 있습니다. 태풍의 이름은 태풍이 지나가는 곳에 있는 열네 개 나라에서 만들고 있습니다. 한국도 2000년부터 태풍의 이름을 ( ㄱ ). 한국어로 이름을 만들 때는 다른 나라 사람들도 발음하기 쉬운 단어를 고릅니다.,ㄱ에 들어갈 알맞은 말을 고르십시오.,부르려고 합니다,원하고 있습니다,바꾸기로 했습니다,만들기 시작했습니다,만들기 시작했습니다,"The passage explains that Korea began participating in creating typhoon names starting in 2000. Therefore, “started making” fits the sentence naturally."
40,reading,topik_1,long_reading_comprehension (65-68),태풍은 보통 7월부터 9월까지 많이 생깁니다. 이런 태풍들도 이름이 있는데 그 중에는 한국어로 된 이름도 있습니다. 태풍의 이름은 태풍이 지나가는 곳에 있는 열네 개 나라에서 만들고 있습니다. 한국도 2000년부터 태풍의 이름을 만들기 시작했습니다. 한국어로 이름을 만들 때는 다른 나라 사람들도 발음하기 쉬운 단어를 고릅니다.,이 글의 내용과 같은 것을 고르십시오.,태풍은 보통 겨울과 봄에 생깁니다.,한국에는 태풍이 거의 불지 않습니다.,태풍의 이름은 열네 개 나라에서 만듭니다.,태풍의 한국어 이름은 발음이 쉽지 않습니다.,태풍의 이름은 열네 개 나라에서 만듭니다.,The passage clearly states that typhoon names are created by fourteen countries in regions where typhoons occur. The other statements contradict the text.
41,reading,topik_1,opinion_inference (69-70),"몇 달 전, 우리 집 앞에서 떨고 있는 작고 마른 강아지를 보았습니다. 저는 그 강아지가 너무 불쌍해 보였습니다. 저는 강아지를 집으로 데려와 먹을 것을 주고 잠도 재워 주었습니다. 그때부터 주인을 찾고 있는데 아직도 주인이 나타나지 않습니다. 그 강아지는 이제 ( ㄱ ) 저의 좋은 친구가 되었습니다. 강아지와 헤어지기 싫습니다.",ㄱ에 들어갈 알맞은 말을 고르십시오.,잠이 많아져서,주인을 찾아서,크고 건강해져서,계속 떨고 있어서,크고 건강해져서,"The puppy was originally small and weak, but after being cared for, it became healthy and grew bigger. This fits naturally with becoming the writer’s good friend."
42,reading,topik_1,opinion_inference (69-70),"몇 달 전, 우리 집 앞에서 떨고 있는 작고 마른 강아지를 보았습니다. 저는 그 강아지가 너무 불쌍해 보였습니다. 저는 강아지를 집으로 데려와 먹을 것을 주고 잠도 재워 주었습니다. 그때부터 주인을 찾고 있는데 아직도 주인이 나타나지 않습니다. 그 강아지는 이제 크고 건강해져서 저의 좋은 친구가 되었습니다. 강아지와 헤어지기 싫습니다.",이 글의 내용으로 알 수 있는 것을 고르십시오.,저는 강아지의 주인을 만났습니다.,저는 이 강아지를 잃어버렸습니다.,저는 이 강아지를 키우는 것이 싫습니다.,저는 길에서 데려온 강아지를 키우고 있습니다.,저는 길에서 데려온 강아지를 키우고 있습니다.,"The writer found the puppy on the street, brought it home, and is still taking care of it. The other options are incorrect according to the passage."
43,reading,topik_1,vocabulary_match (31-33),사과가 맛있습니다. 바나나도 맛있습니다.,무엇에 대한 내용입니까?,날씨,과일,직업,나이,과일,"The passage mentions apples and bananas, which are fruits. Therefore, the correct answer is “fruit.”"
44,reading,topik_1,vocabulary_match (31-33),가게에 갑니다. 모자를 삽니다.,무엇에 대한 내용입니까?,쇼핑,공부,이름,음식,쇼핑,"The person goes to a store and buys a hat, which is related to shopping."
45,reading,topik_1,vocabulary_match (31-33),7월에는 수업이 없습니다. 학교에 안 갑니다.,무엇에 대한 내용입니까?,계절,방학,여행,위치,방학,"The text says there are no classes in July and the person does not go to school, which describes vacation time."
46,reading,topik_1,grammar_fill_blank (34-39),영화를 ( ). 정말 재미있습니다.,( )에 들어갈 말로 가장 알맞은 것을 고르십시오.,봅니다,잡니다,보냅니다,마십니다,봅니다,The natural verb used with “movie” is “watch.” The other verbs do not fit the sentence.
47,reading,topik_1,grammar_fill_blank (34-39),한국 가수를 좋아합니다. 매일 한국 ( )를 듣습니다.,( )에 들어갈 말로 가장 알맞은 것을 고르십시오.,편지,노래,전화,시계,노래,"Since the speaker likes Korean singers and listens to something every day, “songs” is the correct choice."
48,reading,topik_1,grammar_fill_blank (34-39),저는 선생님입니다. 학교에서 학생들을 ( ).,( )에 들어갈 말로 가장 알맞은 것을 고르십시오.,읽습니다,입습니다,가르칩니다,물어봅니다,가르칩니다,"Teachers teach students at school, so “teach” is the correct verb."
49,reading,topik_1,grammar_fill_blank (34-39),저는 요즘 ( ). 시간이 없습니다.,( )에 들어갈 말로 가장 알맞은 것을 고르십시오.,작습니다,바쁩니다,무겁습니다,조용합니다,바쁩니다,"The sentence says there is no time these days, so “busy” fits naturally."
50,reading,topik_1,grammar_fill_blank (34-39),저는 김민수 씨를 모릅니다. 내일 ( ) 만납니다.,( )에 들어갈 말로 가장 알맞은 것을 고르십시오.,처음,보통,제일,항상,처음,The speaker does not know Mr. Kim Min-su yet and will meet him for the first time tomorrow.
51,reading,topik_1,grammar_fill_blank (34-39),저는 볼펜이 없습니다. 연필( ) 있습니다.,( )에 들어갈 말로 가장 알맞은 것을 고르십시오.,을,만,도,로,도,The sentence means “I do not have a pen. I have a pencil too.” The particle “도” correctly adds additional information.
52,reading,topik_1,notice_ad_understanding (40-42),"2022.07.20.까지생생 딸기 우유1,000원",다음을 읽고 맞지 않는 것을 고르십시오.,우유입니다.,천 원입니다.,딸기 맛입니다.,팔월까지 팝니다.,팔월까지 팝니다.,"The package says the product is available until July 20, 2022, not until August. The other statements correctly describe the milk."
53,reading,topik_1,notice_ad_understanding (40-42),"방 있습니다!• 한국대학교 앞• 방 하나, 큰 부엌, 깨끗한 화장실문의 전화: 010-1234-5678",다음을 읽고 맞지 않는 것을 고르십시오.,방이 많습니다.,부엌이 큽니다.,화장실이 있습니다.,대학교에서 가깝습니다.,방이 많습니다.,"The advertisement says there is one room available, not many rooms. The other statements match the advertisement."
54,reading,topik_1,notice_ad_understanding (40-42),수미: 저는 지금 제주도예요. 여기 날씨가 정말 좋아요.민희: 와! 저도 가고 싶어요.수미: 네. 우리 다음에 같이 와요.,다음을 읽고 맞지 않는 것을 고르십시오.,수미 씨는 공항에 왔습니다.,수미 씨는 제주도에 있습니다.,지금 제주도는 날씨가 좋습니다.,민희 씨는 수미 씨와 같이 있습니다.,민희 씨는 수미 씨와 같이 있습니다.,"Minhee says she wants to go too, which means she is not currently with Sumi. The other statements are supported by the post."
55,reading,topik_1,short_reading_comprehension (43-48),저는 요리를 잘 못합니다. 그래서 음식을 보통 사 먹습니다. 오늘 저녁은 집 근처 식당에서 불고기를 먹을 겁니다.,다음을 읽고 내용이 같은 것을 고르십시오.,저는 요리를 자주 합니다.,집 근처에 식당이 없습니다.,저는 오늘 불고기를 먹을 겁니다.,저는 오늘 집에서 저녁을 먹습니다.,저는 오늘 불고기를 먹을 겁니다.,The passage clearly says the speaker will eat bulgogi tonight at a restaurant near home. The other statements contradict the text.
56,reading,topik_1,short_reading_comprehension (43-48),어제 친구가 한국에 왔습니다. 오늘 우리 집에 놀러 올 겁니다. 저는 집을 깨끗하게 청소했습니다.,다음을 읽고 내용이 같은 것을 고르십시오.,저는 친구 집에 갈 겁니다.,저는 오늘 친구를 만납니다.,친구가 오늘 한국에 왔습니다.,친구하고 집을 청소할 겁니다.,저는 오늘 친구를 만납니다.,"The friend came to Korea yesterday and will visit the speaker’s house today, so they will meet today."
57,reading,topik_1,short_reading_comprehension (43-48),명동에서 약속이 있었습니다. 저는 집에서 일찍 나왔지만 차가 많아서 길이 막혔습니다. 그래서 약속 장소에 늦게 도착했습니다.,다음을 읽고 내용이 같은 것을 고르십시오.,저는 명동에 못 갔습니다.,길에 차가 많지 않았습니다.,저는 약속 시간에 늦었습니다.,저는 집에서 늦게 출발했습니다.,저는 약속 시간에 늦었습니다.,The speaker says there was heavy traffic and they arrived late to the meeting place.
58,reading,topik_1,short_reading_comprehension (43-48),제 동생은 빵을 잘 만듭니다. 동생이 만든 빵은 아주 맛있습니다. 저도 빵 만드는 방법을 배우고 싶습니다.,다음을 읽고 중심 내용을 고르십시오.,저는 빵집에서 일하고 싶습니다.,저는 맛있는 빵을 사고 싶습니다.,저는 동생에게 빵을 주고 싶습니다.,저는 맛있는 빵을 만들고 싶습니다.,저는 맛있는 빵을 만들고 싶습니다.,The speaker says they want to learn how to make bread because the sibling’s bread is delicious.
59,reading,topik_1,short_reading_comprehension (43-48),저는 바다에서 수영하는 것을 좋아합니다. 여름에는 수영을 하러 바다에 자주 갑니다. 빨리 여름이 오면 좋겠습니다.,다음을 읽고 중심 내용을 고르십시오.,저는 여름을 제일 좋아합니다.,저는 수영을 잘하면 좋겠습니다.,저는 여름 바다에 가 보고 싶습니다.,저는 빨리 바다에서 수영하고 싶습니다.,저는 빨리 바다에서 수영하고 싶습니다.,The speaker enjoys swimming in the sea and wants summer to come quickly to swim again.
60,reading,topik_1,short_reading_comprehension (43-48),옷장에 옷이 너무 많습니다. 그래서 옷장에서 옷을 찾기가 힘듭니다. 내일은 옷장을 정리할 겁니다.,다음을 읽고 중심 내용을 고르십시오.,저는 옷장이 더 필요합니다.,저는 옷을 많이 찾을 겁니다.,저는 옷을 정리하려고 합니다.,저는 내일 옷을 사려고 합니다.,저는 옷을 정리하려고 합니다.,The speaker says there are too many clothes and plans to organize the closet tomorrow.
61,reading,topik_1,paragraph_fill_blank (49-56),저는 유치원 선생님입니다. 저는 아이들을 좋아해서 유치원 선생님이 되었습니다. 우리 유치원에는 아이들이 많아서 일이 조금 힘듭니다. 또 집에 늦게 가는 날도 많습니다. ( ㄱ ) 아이들이 정말 귀엽고 예뻐서 저는 제 일을 좋아합니다.,ㄱ에 들어갈 말로 가장 알맞은 것을 고르십시오.,그러면,하지만,그래서,그리고,하지만,"The passage first explains difficulties of the job, then contrasts them with positive feelings about the children. Therefore, “하지만” is the correct connector."
62,reading,topik_1,paragraph_fill_blank (49-56),저는 유치원 선생님입니다. 저는 아이들을 좋아해서 유치원 선생님이 되었습니다. 우리 유치원에는 아이들이 많아서 일이 조금 힘듭니다. 또 집에 늦게 가는 날도 많습니다. 하지만 아이들이 정말 귀엽고 예뻐서 저는 제 일을 좋아합니다.,윗글의 내용과 같은 것을 고르십시오.,저는 아이들이 좋습니다.,저는 보통 일찍 집에 갑니다.,유치원 일은 힘들지 않습니다.,유치원에는 아이들이 많지 않습니다.,저는 아이들이 좋습니다.,The writer clearly says they like children and became a kindergarten teacher because of that. The other statements contradict the passage.
63,reading,topik_1,paragraph_fill_blank (49-56),인주시에서는 매년 5월 ‘인주 꽃 축제’를 엽니다. 이 축제에서는 세계 여러 나라의 꽃을 볼 수 있습니다. 특히 올해 축제에서는 많은 사람이 모여서 꽃으로 세계 지도 만들기를 합니다. 또 평일 오전에 가면 무료로 꽃다발을 ( ㄱ ) 꽃 그림 그리기를 할 수 있습니다.,ㄱ에 들어갈 말로 가장 알맞은 것을 고르십시오.,만드는데,만드니까,만들거나,만들려고,만들거나,"The sentence lists two activities visitors can do at the festival, so “or” (거나) correctly connects the activities."
64,reading,topik_1,paragraph_fill_blank (49-56),인주시에서는 매년 5월 ‘인주 꽃 축제’를 엽니다. 이 축제에서는 세계 여러 나라의 꽃을 볼 수 있습니다. 특히 올해 축제에서는 많은 사람이 모여서 꽃으로 세계 지도 만들기를 합니다. 또 평일 오전에 가면 무료로 꽃다발을 만들거나 꽃 그림 그리기를 할 수 있습니다.,무엇에 대한 내용인지 맞는 것을 고르십시오.,꽃 축제를 여는 이유,꽃 축제가 열리는 장소,꽃 축제에 들어가는 방법,꽃 축제에서 할 수 있는 일,꽃 축제에서 할 수 있는 일,"The passage mainly explains activities people can do at the flower festival, such as seeing flowers, making maps with flowers, and drawing flower pictures."
65,reading,topik_1,paragraph_fill_blank (49-56),저는 감기에 걸려서 오늘 학교에 못 갔습니다. 병원에 가고 싶었지만 한국어를 잘 못해서 그냥 기숙사에 있었습니다. 그때 친구가 기숙사에 와서 저를 데리고 병원에 갔습니다. 기숙사로 ( ㄱ ) 친구가 밥도 사 주었습니다. 정말 고마웠습니다.,ㄱ에 들어갈 말로 가장 알맞은 것을 고르십시오.,돌아오지만,돌아오려면,돌아오지 말고,돌아오기 전에,돌아오기 전에,"The friend bought food before returning to the dormitory, so “before coming back” fits naturally in the sentence."
66,reading,topik_1,paragraph_fill_blank (49-56),저는 감기에 걸려서 오늘 학교에 못 갔습니다. 병원에 가고 싶었지만 한국어를 잘 못해서 그냥 기숙사에 있었습니다. 그때 친구가 기숙사에 와서 저를 데리고 병원에 갔습니다. 기숙사로 돌아오기 전에 친구가 밥도 사 주었습니다. 정말 고마웠습니다.,윗글의 내용과 같은 것을 고르십시오.,저는 오늘 밥을 못 먹었습니다.,저는 오늘 친구하고 병원에 갔습니다.,저는 오늘 친구의 기숙사 방에 갔습니다.,저는 오늘 학교에 가서 친구를 만났습니다.,저는 오늘 친구하고 병원에 갔습니다.,The friend came to the dormitory and took the writer to the hospital together. The other statements are incorrect.
67,reading,topik_1,paragraph_fill_blank (49-56),얼마 전 만화 박물관이 문을 열었습니다. 이 박물관에는 1960년부터 지금까지 나온 여러 가지 만화책이 많이 있습니다. 유명한 만화 영화도 즐길 수 있어서 특히 아이들이 좋아합니다. 그리고 이 만화 박물관에는 ( ㄱ ) 만화책을 오랜만에 다시 읽으러 오는 어른들도 많습니다.,ㄱ에 들어갈 말로 가장 알맞은 것을 고르십시오.,요즘에 나온,어릴 때 읽은,아이들이 만든,박물관에서 빌려 온,어릴 때 읽은,"Adults come to reread comic books they read during childhood, so “books read when young” is the most logical choice."
68,reading,topik_1,paragraph_fill_blank (49-56),얼마 전 만화 박물관이 문을 열었습니다. 이 박물관에는 1960년부터 지금까지 나온 여러 가지 만화책이 많이 있습니다. 유명한 만화 영화도 즐길 수 있어서 특히 아이들이 좋아합니다. 그리고 이 만화 박물관에는 어릴 때 읽은 만화책을 오랜만에 다시 읽으러 오는 어른들도 많습니다.,윗글의 내용과 같은 것을 고르십시오.,이 박물관에는 어른들도 많이 옵니다.,이 박물관에는 만화 영화가 없습니다.,이 박물관은 1960년에 문을 열었습니다.,이 박물관은 어린이 만화 박물관입니다.,이 박물관에는 어른들도 많이 옵니다.,The passage says many adults also visit the museum to reread comic books from their childhood.
69,reading,topik_1,sentence_order (57-58),(가) 채소가 싸고 좋아서 많이 샀습니다.(나) 지난 주말에 채소를 사러 시장에 갔습니다.(다) 아주머니가 주신 토마토 때문에 기분이 좋았습니다.(라) 채소 가게 아주머니가 토마토를 하나 더 주셨습니다.,다음을 순서에 맞게 배열한 것을 고르십시오.,(가)-(나)-(라)-(다),(가)-(다)-(나)-(라),(나)-(가)-(라)-(다),(나)-(다)-(라)-(가),(나)-(가)-(라)-(다),"First, the speaker went to the market. Then they bought many vegetables because they were cheap and good. After that, the shop owner gave an extra tomato, and finally the speaker felt happy because of it."
70,reading,topik_1,sentence_order (57-58),(가) 남극에는 펭귄 우체국이 있습니다.(나) 또 우체국에서는 여러 가지 펭귄 기념품도 팝니다.(다) 여기에서는 관광객들이 쓴 편지를 전 세계로 보내 줍니다.(라) 펭귄 우체국에서 이렇게 번 돈은 남극의 펭귄을 위해서 사용합니다.,다음을 순서에 맞게 배열한 것을 고르십시오.,(가)-(다)-(나)-(라),(가)-(라)-(나)-(다),(라)-(나)-(가)-(다),(라)-(다)-(나)-(가),(가)-(다)-(나)-(라),"The passage first introduces the penguin post office in Antarctica. Then it explains that letters are sent worldwide there. Next, it mentions selling penguin souvenirs, and finally explains that the money is used to help penguins in Antarctica."
71,reading,topik_1,connector_logic (59-62),저는 요즘 자전거를 타고 학교에 갑니다. ( ㄱ ) 전에는 지하철을 타고 다녔습니다. ( ㄴ ) 그때는 학교까지 삼십 분이 걸렸지만 지금은 한 시간쯤 걸립니다. ( ㄷ ) 아침에 일찍 일어나는 것은 싫지만 운동을 할 수 있어서 좋습니다. ( ㄹ ),다음 문장이 들어갈 곳으로 가장 알맞은 것을 고르십시오.그래서 지하철을 탈 때보다 집에서 일찍 나와야 합니다.,ㄱ,ㄴ,ㄷ,ㄹ,ㄷ,The added sentence explains that the speaker must leave home earlier now because biking takes about an hour. This connects naturally after comparing travel times.
72,reading,topik_1,connector_logic (59-62),저는 요즘 자전거를 타고 학교에 갑니다. 전에는 지하철을 타고 다녔습니다. 그때는 학교까지 삼십 분이 걸렸지만 지금은 한 시간쯤 걸립니다. 그래서 지하철을 탈 때보다 집에서 일찍 나와야 합니다. 아침에 일찍 일어나는 것은 싫지만 운동을 할 수 있어서 좋습니다.,윗글의 내용과 같은 것을 고르십시오.,저는 운동하는 것을 싫어합니다.,저는 요즘 아침에 늦게 일어납니다.,저는 자전거를 타고 학교에 다닙니다.,저는 매일 한 시간 동안 지하철을 탑니다.,저는 자전거를 타고 학교에 다닙니다.,The writer clearly states that these days they go to school by bicycle. The other choices contradict the passage.
73,reading,topik_1,connector_logic (59-62),저는 오랫동안 다닌 회사를 그만두었습니다. 내년부터는 다른 회사에서 일할 겁니다. 그때까지 시간이 생겨서 지금은 해외여행을 하고 있습니다. 자유롭게 여행하고 싶어서 ( ㄱ ) 여기저기 가고 싶은 곳을 다니고 있습니다. 저에게는 지금 이 시간이 정말 소중하고 행복합니다.,ㄱ에 들어갈 말로 가장 알맞은 것을 고르십시오.,회사에서 일하고,장소를 못 바꾸고,약속 시간을 지키고,계획을 세우지 않고,계획을 세우지 않고,"The writer wants to travel freely, so “without making plans” fits naturally with visiting many places freely."
74,reading,topik_1,connector_logic (59-62),저는 오랫동안 다닌 회사를 그만두었습니다. 내년부터는 다른 회사에서 일할 겁니다. 그때까지 시간이 생겨서 지금은 해외여행을 하고 있습니다. 자유롭게 여행하고 싶어서 계획을 세우지 않고 여기저기 가고 싶은 곳을 다니고 있습니다. 저에게는 지금 이 시간이 정말 소중하고 행복합니다.,윗글의 내용과 같은 것을 고르십시오.,저는 여행사에서 일합니다.,저는 내년부터 여행을 다닐 겁니다.,저는 지금 새 회사에 다니고 있습니다.,저는 요즘 행복한 시간을 보내고 있습니다.,저는 요즘 행복한 시간을 보내고 있습니다.,"The writer says that this time is very precious and happy for them, so they are currently spending a happy time."
75,reading,topik_1,announcement_board (63-64),"직원 여러분께안녕하십니까? 우리 회사의 영어 수업이 다음과 같이 열립니다. 많은 분들의 관심을 바랍니다.• 수업 기간: 8월 1일~8월 31일(화, 목 19시~21시)• 수업료: 무료• 신청 방법: 7월 22일(금)까지 이메일(mskim@hankuk.com)로 신청",왜 윗글을 썼는지 맞는 것을 고르십시오.,수업 시간을 바꾸려고,수업 신청을 받으려고,수업 방법을 설명하려고,수업 장소를 안내하려고,수업 신청을 받으려고,"The notice introduces an English class and explains how employees can apply by email. Therefore, the purpose is to receive applications for the class."
76,reading,topik_1,announcement_board (63-64),"직원 여러분께안녕하십니까? 우리 회사의 영어 수업이 다음과 같이 열립니다. 많은 분들의 관심을 바랍니다.• 수업 기간: 8월 1일~8월 31일(화, 목 19시~21시)• 수업료: 무료• 신청 방법: 7월 22일(금)까지 이메일(mskim@hankuk.com)로 신청",윗글의 내용과 같은 것을 고르십시오.,칠월에 수업을 시작합니다.,영어 수업은 매일 있습니다.,영어 수업은 한 달 동안 합니다.,수업을 들을 때 돈을 내야 합니다.,영어 수업은 한 달 동안 합니다.,"The class runs from August 1 to August 31, which means it lasts for one month. The other statements contradict the notice."
77,reading,topik_1,long_reading_comprehension (65-68),초콜릿은 달아서 사람의 기분을 좋게 합니다. 그래서 사람들이 초콜릿을 자주 먹습니다. 그런데 말을 많이 할 때나 발표를 해야 할 때는 초콜릿을 먹지 않는 것이 좋습니다. 초콜릿을 먹으면 목이 마르게 되어서 목소리가 잘 안 ( ㄱ ). 그래서 가수들도 공연 전에는 초콜릿을 먹지 않습니다.,ㄱ에 들어갈 말로 가장 알맞은 것을 고르십시오.,나와도 됩니다,나와야 합니다,나오기로 합니다,나오기 때문입니다,나와도 됩니다,"The sentence explains that after eating chocolate, the throat becomes dry and the voice does not come out well. Among the given choices, this option fits the grammar and meaning best."
78,reading,topik_1,long_reading_comprehension (65-68),초콜릿은 달아서 사람의 기분을 좋게 합니다. 그래서 사람들이 초콜릿을 자주 먹습니다. 그런데 말을 많이 할 때나 발표를 해야 할 때는 초콜릿을 먹지 않는 것이 좋습니다. 초콜릿을 먹으면 목이 마르게 되어서 목소리가 잘 안 나와도 됩니다. 그래서 가수들도 공연 전에는 초콜릿을 먹지 않습니다.,윗글의 내용과 같은 것을 고르십시오.,초콜릿을 먹으면 기분이 좋아집니다.,목이 마를 때 초콜릿을 먹는 것이 좋습니다.,가수들은 보통 공연 전에 초콜릿을 먹습니다.,말을 많이 해야 할 때 초콜릿을 먹으면 좋습니다.,초콜릿을 먹으면 기분이 좋아집니다.,The passage states that chocolate is sweet and makes people feel good. The other statements contradict the text.
79,reading,topik_1,long_reading_comprehension (65-68),봄에는 몸에 힘이 없고 자주 피곤해집니다. 그것은 낮과 밤의 ( ㄱ ) 생기는 일입니다. 봄에는 낮 기온은 높지만 아침과 밤 기온은 낮습니다. 사람의 몸은 이 온도 차이를 잘 따라가지 못해서 쉽게 피곤해집니다. 이럴 때는 햇빛을 보면서 산책을 하면 좋습니다. 물을 많이 마시는 것도 도움이 됩니다.,ㄱ에 들어갈 말로 가장 알맞은 것을 고르십시오.,물이 뜨거워져서,햇빛이 아주 강해서,기온이 크게 달라서,온도 차이가 적어져서,기온이 크게 달라서,The passage explains that spring fatigue happens because daytime and nighttime temperatures are very different.
80,reading,topik_1,long_reading_comprehension (65-68),봄에는 몸에 힘이 없고 자주 피곤해집니다. 그것은 낮과 밤의 기온이 크게 달라서 생기는 일입니다. 봄에는 낮 기온은 높지만 아침과 밤 기온은 낮습니다. 사람의 몸은 이 온도 차이를 잘 따라가지 못해서 쉽게 피곤해집니다. 이럴 때는 햇빛을 보면서 산책을 하면 좋습니다. 물을 많이 마시는 것도 도움이 됩니다.,윗글의 내용과 같은 것을 고르십시오.,봄에는 몸이 쉽게 피곤해집니다.,봄에는 아침과 낮의 기온이 비슷합니다.,봄에는 물을 많이 마시면 건강에 나쁩니다.,봄에는 밤에 산책을 하는 것이 도움이 됩니다.,봄에는 몸이 쉽게 피곤해집니다.,The passage clearly says that people often become tired easily in spring because of temperature differences.
81,reading,topik_1,opinion_inference (69-70),제가 초등학생이었을 때의 일입니다. 그날은 아버지의 생일이었고 저는 아버지를 기쁘게 해 드리고 싶었습니다. 그래서 제가 아기 때부터 매일 안고 잔 고양이 인형을 선물로 드리기로 했습니다. 저는 아버지가 기뻐할 것 같았습니다. 그런데 ( ㄱ ) 아버지는 아무 말도 하지 않았습니다. 잠시 후 아버지는 웃으면서 저를 꼭 안아 주셨습니다. 시간이 흘러 저는 결혼을 하고 딸을 낳았습니다. 제 딸의 첫 번째 생일에 아버지는 예쁘게 포장한 그 고양이 인형을 제 딸에게 주셨습니다.,ㄱ에 들어갈 말로 가장 알맞은 것을 고르십시오.,선물을 본,인형을 준,인형을 산,선물을 포장한,선물을 본,"After seeing the gift, the father said nothing at first. Therefore, “after seeing the gift” fits the context naturally."
82,reading,topik_1,opinion_inference (69-70),제가 초등학생이었을 때의 일입니다. 그날은 아버지의 생일이었고 저는 아버지를 기쁘게 해 드리고 싶었습니다. 그래서 제가 아기 때부터 매일 안고 잔 고양이 인형을 선물로 드리기로 했습니다. 저는 아버지가 기뻐할 것 같았습니다. 그런데 선물을 본 아버지는 아무 말도 하지 않았습니다. 잠시 후 아버지는 웃으면서 저를 꼭 안아 주셨습니다. 시간이 흘러 저는 결혼을 하고 딸을 낳았습니다. 제 딸의 첫 번째 생일에 아버지는 예쁘게 포장한 그 고양이 인형을 제 딸에게 주셨습니다.,윗글의 내용으로 알 수 있는 것을 고르십시오.,아버지는 제 선물을 받고 슬퍼하셨습니다.,제 딸은 새로 산 인형을 선물로 받았습니다.,저는 아버지의 생일에 선물을 사 드렸습니다.,아버지는 오랫동안 제 선물을 가지고 계셨습니다.,아버지는 오랫동안 제 선물을 가지고 계셨습니다.,"The father kept the cat doll for many years and later gave it to the writer’s daughter, showing he treasured the gift for a long time."
83,reading,topik_1,vocabulary_match (31-33),저는 누나가 있습니다. 동생도 있습니다.,무엇에 대한 이야기입니까?,나라,나이,날짜,가족,가족,"The passage mentions family members (older sister and younger sibling), so the topic is family."
84,reading,topik_1,vocabulary_match (31-33),지금은 저녁입니다. 일곱 시입니다.,무엇에 대한 이야기입니까?,시간,직업,운동,휴일,시간,"The sentences talk about evening and 7 o’clock, which are time expressions."
85,reading,topik_1,vocabulary_match (31-33),저는 등산을 좋아합니다. 산에 자주 갑니다.,무엇에 대한 이야기입니까?,쇼핑,교통,계절,취미,취미,"The person likes hiking and goes to the mountains often, so it describes a hobby."
86,reading,topik_1,grammar_fill_blank (34-39),저는 의사입니다. ( )에서 일합니다.,것을 고르십시오.,병원,서점,미용실,우체국,병원,"A doctor works in a hospital, so ""병원"" is the correct choice."
87,reading,topik_1,grammar_fill_blank (34-39),저는 일이 많습니다. 그래서 조금 ( ).,것을 고르십시오.,작습니다,비쌉니다,무겁습니다,피곤합니다,피곤합니다,"Having a lot of work makes a person tired, so ""피곤합니다"" fits best."
88,reading,topik_1,grammar_fill_blank (34-39),친구를 만났습니다. 우리는 ( ) 공부를 했습니다.,것을 고르십시오.,가장,아직,별로,같이,같이,"We studied together is natural, so ""같이"" is correct."
89,reading,topik_1,grammar_fill_blank (34-39),방이 덥습니다. 창문( ) 엽니다.,것을 고르십시오.,에,의,을,이,을,"The object marker ""을"" is needed for ""창문을 엽니다"" (open the window)."
90,reading,topik_1,grammar_fill_blank (34-39),선물을 삽니다. 친구에게 ( ).,것을 고르십시오.,줍니다,듣습니다,다닙니다,가르칩니다,줍니다,"Give to a friend is natural after buying a gift, so ""줍니다"" (give) is correct."
91,reading,topik_1,grammar_fill_blank (34-39),민수 씨하고 약속이 있습니다. 저는 민수 씨를 ( ).,것을 고르십시오.,내립니다,넣습니다,구경합니다,기다립니다,기다립니다,"If you have an appointment with someone, you wait for them, so ""기다립니다"" is correct."
92,reading,topik_1,notice_ad_understanding (40-42),"인주시 날씨: 오늘(흐림), 내일(비), 모레(맑음)",맞지 않는 것을 고르십시오.,일요일은 맑습니다.,오늘은 비가 옵니다.,내일은 토요일입니다.,인주시의 날씨입니다.,오늘은 비가 옵니다.,"The chart shows that today is cloudy, not rainy, so this statement is incorrect."
93,reading,topik_1,notice_ad_understanding (40-42),"유미의 한 살 생일 파티: 2025.10.25.(토) 13:00, 인주호텔 3층",맞지 않는 것을 고르십시오.,주말에 파티를 합니다.,유미의 생일 파티입니다.,파티는 오전에 시작합니다.,호텔 삼 층에서 파티를 합니다.,파티는 오전에 시작합니다.,"The invitation says the party starts at 13:00 (1 PM), which is afternoon, not morning, so this statement is incorrect."
94,reading,topik_1,notice_ad_understanding (40-42),"대화: 지영은 집에 있고, 마이클도 집에 왔으며, 둘 다 모임에 참석했고 내일 학교에서 만나기로 함",맞지 않는 것을 고르십시오.,지영 씨는 지금 집에 있습니다.,마이클 씨는 모임에 안 갔습니다.,지영 씨는 내일 학교에 갈 겁니다.,마이클 씨는 오늘 지영 씨를 만났습니다.,마이클 씨는 모임에 안 갔습니다.,"The dialogue says Michael attended the gathering, so saying he did not go is incorrect."
95,reading,topik_1,short_reading_comprehension (43-48),저는 은행에서 일합니다. 은행에 외국인 손님이 많이 옵니다. 저는 그 손님들과 영어로 이야기합니다.,내용이 같은 것을 고르십시오.,저는 영어를 할 수 없습니다.,저는 요즘 일을 하지 않습니다.,저는 은행에서 일을 하려고 합니다.,저는 은행에서 외국 사람을 많이 만납니다.,저는 은행에서 외국 사람을 많이 만납니다.,"The passage says the speaker works at a bank and meets many foreign customers, so this matches the content."
96,reading,topik_1,short_reading_comprehension (43-48),오늘 집에서 비누를 만들었습니다. 비누에 레몬을 넣었습니다. 이 비누로 손을 씻었는데 냄새가 좋았습니다.,내용이 같은 것을 고르십시오.,이 비누에 레몬이 들어갔습니다.,이 비누는 냄새가 나지 않습니다.,저는 오늘 레몬 비누를 샀습니다.,저는 이 비누를 사용하지 않았습니다.,이 비누에 레몬이 들어갔습니다.,"The passage clearly says lemon was added to the soap, so this is the correct match."
97,reading,topik_1,short_reading_comprehension (43-48),고향에 계신 부모님이 과자를 보내 주셨습니다. 제가 좋아하는 고향 과자가 많이 있었습니다. 방 친구와 같이 과자를 먹었습니다.,내용이 같은 것을 고르십시오.,저는 부모님과 같이 삽니다.,저는 과자를 혼자 먹었습니다.,저는 부모님에게 과자를 받았습니다.,저는 고향의 과자를 좋아하지 않습니다.,저는 부모님에게 과자를 받았습니다.,"The passage says the speaker received snacks from their parents, so this matches the content."
98,reading,topik_1,short_reading_comprehension (43-48),요즘 춤을 배우고 있습니다. 춤을 추는 것이 아주 재미있습니다. 그래서 매일 춤 연습을 합니다.,내용이 같은 것을 고르십시오.,저는 춤을 오래 배웠습니다.,저는 춤을 배우는 것이 즐겁습니다.,저는 요즘 춤을 출 시간이 없습니다.,저는 친구와 춤 연습을 하고 싶습니다.,저는 춤을 배우는 것이 즐겁습니다.,"The passage says learning and dancing are very fun, so this statement matches the meaning."
99,reading,topik_1,short_reading_comprehension (43-48),저는 주말마다 테니스를 칩니다. 지난주에는 비가 와서 테니스를 못 쳤습니다. 이번 주는 비가 안 오면 좋겠습니다.,내용이 같은 것을 고르십시오.,저는 테니스를 배우려고 합니다.,저는 테니스 보는 것을 좋아합니다.,저는 테니스를 잘 치면 좋겠습니다.,저는 이번 주말에 테니스를 치고 싶습니다.,저는 이번 주말에 테니스를 치고 싶습니다.,"The speaker hopes it does not rain this week so they can play tennis, so this is the correct match."
100,reading,topik_1,short_reading_comprehension (43-48),얼마 전에 운동화를 샀습니다. 이 운동화는 가볍고 아주 편합니다. 저는 매일 이 운동화를 신고 다닙니다.,내용이 같은 것을 고르십시오.,저는 운동화를 사려고 합니다.,저는 이 운동화를 선물할 겁니다.,저는 이 운동화가 마음에 듭니다.,저는 운동화가 많으면 좋겠습니다.,저는 이 운동화가 마음에 듭니다.,"The speaker says the shoes are light and comfortable and wears them every day, so they like them."
101,reading,topik_1,paragraph_fill_blank (49-56),우리 가족은 오랫동안 외국에 살았습니다. 그곳의 미용실은 가격이 비쌌습니다. 그래서 우리 가족은 미용실에 가지 않았습니다. 남편과 아이의 머리는 제가 잘라 주었습니다. 처음에는 잘 못 ( ) 나중에는 잘 자르게 되었습니다. 지금 우리 가족은 한국에서 살고 있습니다. 저는 요즘도 가족들의 머리를 잘라 줍니다.,것을 고르십시오.,자르면,자르니까,잘랐거나,잘랐지만,잘랐지만,"The contrast “at first I couldn’t do it well, but later I improved” requires “지만” (but), so ""잘랐지만"" is correct."
102,reading,topik_1,paragraph_fill_blank (49-56),우리 가족은 오랫동안 외국에 살았습니다. 그곳의 미용실은 가격이 비쌌습니다. 그래서 우리 가족은 미용실에 가지 않았습니다. 남편과 아이의 머리는 제가 잘라 주었습니다. 처음에는 잘 못 했지만 나중에는 잘 자르게 되었습니다. 지금 우리 가족은 한국에서 살고 있습니다. 저는 요즘도 가족들의 머리를 잘라 줍니다.,내용이 같은 것을 고르십시오.,우리 가족은 한국에 돌아왔습니다.,외국의 미용실은 가격이 쌉니다.,요즘은 아이의 머리를 잘라 주지 않습니다.,우리 가족은 외국에서 미용실에 자주 갔습니다.,우리 가족은 한국에 돌아왔습니다.,"The passage says the family now lives in Korea after living abroad, so returning to Korea matches the content."
103,reading,topik_1,paragraph_fill_blank (49-56),인주시에서는 매년 가을에 떡볶이 축제를 합니다. 이 축제에서는 '매운 떡볶이 먹기 대회'가 열립니다. 축제에 온 사람은 누구나 이 대회에 참가할 수 있습니다. ( ) 이 축제에서 한국의 유명한 떡볶이를 모두 먹어 볼 수 있습니다. 떡볶이 재료를 싸게 살 수도 있고 공연도 볼 수 있어서 이 축제를 찾는 사람이 많습니다.,것을 고르십시오.,그리고,그래도,그렇지만,왜냐하면,그리고,"The sentence adds another benefit of the festival, so ""그리고"" (and) is the correct connector."
104,reading,topik_1,paragraph_fill_blank (49-56),인주시에서는 매년 가을에 떡볶이 축제를 합니다. 이 축제에서는 '매운 떡볶이 먹기 대회'가 열립니다. 축제에 온 사람은 누구나 이 대회에 참가할 수 있습니다. 그리고 이 축제에서 한국의 유명한 떡볶이를 모두 먹어 볼 수 있습니다. 떡볶이 재료를 싸게 살 수도 있고 공연도 볼 수 있어서 이 축제를 찾는 사람이 많습니다.,무엇에 대한 내용인지 맞는 것을 고르십시오.,이 축제를 하는 장소,이 축제를 하는 날짜,이 축제에서 할 수 있는 일,이 축제에서 볼 수 있는 공연,이 축제에서 할 수 있는 일,"The passage describes activities people can do at the festival, so this is the best answer."
105,reading,topik_1,paragraph_fill_blank (49-56),인주시에는 유명한 '옷 거리'가 있습니다. 이곳은 가게마다 다른 종류의 옷을 팔아서 구경하는 재미가 있습니다. 여러 가게 중에서 인기가 많은 가게는 예전에 유행한 옷을 파는 가게와 특별한 디자인의 청바지를 파는 가게입니다. 다른 곳에서 팔지 않는 옷이 ( ). 그래서 자기만의 특별한 옷을 사고 싶어 하는 사람들이 많이 찾아옵니다.,㉠에 들어갈 말로 가장 알맞은 것을 고르십시오.,많아도 됩니다,많아야 합니다,많기 때문입니다,많은 적이 있습니다,많기 때문입니다,"The sentence explains the reason people visit, so ""because there are many"" fits best."
106,reading,topik_1,paragraph_fill_blank (49-56),인주시에는 유명한 '옷 거리'가 있습니다. 이곳은 가게마다 다른 종류의 옷을 팔아서 구경하는 재미가 있습니다. 여러 가게 중에서 인기가 많은 가게는 예전에 유행한 옷을 파는 가게와 특별한 디자인의 청바지를 파는 가게입니다. 다른 곳에서 팔지 않는 옷이 많기 때문입니다. 그래서 자기만의 특별한 옷을 사고 싶어 하는 사람들이 많이 찾아옵니다.,윗글의 내용과 같은 것을 고르십시오.,이 거리에 청바지 가게가 생기지 않았습니다.,이 거리에서 예전에 유행한 옷을 살 수 있습니다.,이 거리는 사람들에게 많이 알려지지 않았습니다.,이 거리에 같은 종류의 옷을 파는 가게들이 모여 있습니다.,이 거리에서 예전에 유행한 옷을 살 수 있습니다.,"The passage says shops sell previously popular clothes, so this matches."
107,reading,topik_1,sentence_order (57-58),(가) 저는 친구들과 함께 방송국을 구경하러 갔습니다. (나) 저는 뛰어가서 그 배우와 함께 사진을 찍었습니다. (다) 그때 제가 좋아하는 배우가 저쪽으로 지나갔습니다. (라) 우리는 방송국 일 층에서 안내 직원을 기다리고 있었습니다.,다음을 순서에 맞게 배열한 것을 고르십시오.,(가)-(나)-(다)-(라),(가)-(라)-(다)-(나),(라)-(가)-(나)-(다),(라)-(나)-(다)-(가),(라)-(가)-(다)-(나),The correct order is waiting → visiting → seeing actor → taking photo.
108,reading,topik_1,sentence_order (57-58),(가) 그것을 확인하는 방법은 아주 간단합니다. (나) 그럴 때는 정말 배가 고파서 그런 것인지 확인하는 게 좋습니다. (다) 싫어하는 음식을 생각하고 먹고 싶다면 정말 배가 고픈 것입니다. (라) 식사를 했는데도 금방 음식을 먹고 싶은 생각이 들 때가 있습니다.,다음을 순서에 맞게 배열한 것을 고르십시오.,(다)-(가)-(나)-(라),(다)-(나)-(가)-(라),(라)-(나)-(가)-(다),(라)-(다)-(가)-(나),(라)-(나)-(가)-(다),The order is situation → advice → method → conclusion.
109,reading,topik_1,connector_logic (59-62),얼마 전에 제가 초등학교 때 쓴 일기장을 보았습니다. (㉠) 거기에는 제가 선생님께 칭찬을 듣고 기뻐하는 이야기가 있었습니다. (㉡) 그 일기를 보고 갑자기 선생님이 생각나서 학교로 전화를 해 봤습니다. 선생님은 아직 그 초등학교에 계셨습니다. (㉢) 선생님을 만나서 초등학교 때의 이야기를 나누었습니다. (㉣),다음 문장이 들어갈 곳으로 가장 알맞은 것을 고르십시오. 반가운 마음에 저는 초등학교로 찾아갔습니다.,㉠,㉡,㉢,㉣,㉢,The sentence fits after calling and before meeting the teacher.
110,reading,topik_1,connector_logic (59-62),얼마 전에 제가 초등학교 때 쓴 일기장을 보았습니다. (㉠) 거기에는 제가 선생님께 칭찬을 듣고 기뻐하는 이야기가 있었습니다. (㉡) 그 일기를 보고 갑자기 선생님이 생각나서 학교로 전화를 해 봤습니다. 선생님은 아직 그 초등학교에 계셨습니다. (㉢) 선생님을 만나서 초등학교 때의 이야기를 나누었습니다. (㉣),윗글의 내용과 같은 것을 고르십시오.,저는 선생님을 만나러 갔습니다.,선생님이 저에게 전화를 하셨습니다.,선생님은 지금 다른 학교에 계십니다.,저는 초등학교 때의 일기장을 잃어버렸습니다.,저는 선생님을 만나러 갔습니다.,The speaker contacted and visited the teacher.
111,reading,topik_1,connector_logic (59-62),저는 드라마를 만드는 사람과 함께 일을 합니다. 드라마에 잘 맞는 ( )을/를 찾는 일입니다. 어떤 시골이나 바닷가 시골 마을 사람들의 이야기입니다. 그래서 부산과 제주도의 작은 바닷가 마을을 여러 곳 다녔습니다. 한 달의 시간 동안 드라마에 맞는 곳을 찾을 수 있었습니다. 이번 주말에 드라마 촬영이 시작됩니다. 이 드라마가 인기가 있었으면 좋겠습니다.,㉠에 들어갈 말로 가장 알맞은 것을 고르십시오.,장소를 찾는,배우를 찾는,옷을 만드는,음악을 만드는,장소를 찾는,The job described is finding suitable locations.
112,reading,topik_1,connector_logic (59-62),저는 드라마를 만드는 사람과 함께 일을 합니다. 드라마에 잘 맞는 ( )을/를 찾는 일입니다. 어떤 시골이나 바닷가 시골 마을 사람들의 이야기입니다. 그래서 부산과 제주도의 작은 바닷가 마을을 여러 곳 다녔습니다. 한 달의 시간 동안 드라마에 맞는 곳을 찾을 수 있었습니다. 이번 주말에 드라마 촬영이 시작됩니다. 이 드라마가 인기가 있었으면 좋겠습니다.,윗글의 내용과 같은 것을 고르십시오.,이 드라마는 이번 주말에 끝납니다.,이번 일을 위해 부산과 제주도에 갔습니다.,이번에도 도시 사람들의 이야기로 드라마를 찍습니다.,이번 일 때문에 일주일 동안 여기저기를 다녔습니다.,이번 일을 위해 부산과 제주도에 갔습니다.,The speaker traveled to Busan and Jeju for this work.
113,reading,topik_1,announcement_board (63-64),"한국아파트 게시판: 관리실에서 자전거 주차장을 하나 더 만들었으며, 아파트 입구와 계단 등에 있는 자전거는 주차장으로 옮기고, 11월 10일부터 이용 가능함을 안내함.",왜 윗글을 썼는지 맞는 것을 고르십시오.,자전거 주차장의 요금을 바꾸려고,자전거 주차장의 위치를 확인하려고,자전거 주차장에서 일할 직원을 찾으려고,자전거 주차장이 생기는 것을 안내하려고,자전거 주차장이 생기는 것을 안내하려고,The notice informs residents about the new bicycle parking area.
114,reading,topik_1,announcement_board (63-64),"한국아파트 게시판: 관리실에서 자전거 주차장을 하나 더 만들었으며, 아파트 입구와 계단 등에 있는 자전거는 주차장으로 옮기고, 11월 10일부터 이용 가능함을 안내함.",윗글의 내용과 같은 것을 고르십시오.,새 주차장은 관리실 근처에 있습니다.,이 아파트에는 자전거 주차장이 없었습니다.,새 주차장은 십일월부터 이용할 수 있습니다.,아파트 입구에 있는 자전거는 옮기지 않아도 됩니다.,새 주차장은 관리실 근처에 있습니다.,The passage says the new parking area is next to the management office.
115,reading,topik_1,long_reading_comprehension (65-68),토끼는 혼자서 생활하는 동물입니다. 보통 산에 사는데 무서운 동물을 만날 때가 많습니다. 그럴 때 토끼가 ( ) 방법에는 여러 가지가 있습니다. 토끼는 튼튼한 다리로 빠르고 멀리 뛸 수 있습니다. 또 먼 곳에 있는 동물도 냄새로 알 수 있습니다. 귀를 움직여서 소리가 나는 위치도 정확하게 찾습니다. 그래서 무서운 동물이 오는 것을 미리 알 수 있습니다.,㉠에 들어갈 말로 가장 알맞은 것을 고르십시오.,잠을 자는,자기를 지키는,음식을 구하는,상처를 치료하는,자기를 지키는,The passage explains how rabbits protect themselves from danger.
116,reading,topik_1,long_reading_comprehension (65-68),토끼는 혼자서 생활하는 동물입니다. 보통 산에 사는데 무서운 동물을 만날 때가 많습니다. 그럴 때 토끼가 ( ) 방법에는 여러 가지가 있습니다. 토끼는 튼튼한 다리로 빠르고 멀리 뛸 수 있습니다. 또 먼 곳에 있는 동물도 냄새로 알 수 있습니다. 귀를 움직여서 소리가 나는 위치도 정확하게 찾습니다. 그래서 무서운 동물이 오는 것을 미리 알 수 있습니다.,윗글의 내용과 같은 것을 고르십시오.,산에 사는 토끼는 모여서 생활합니다.,토끼는 냄새가 나는 것을 잘 못 느낍니다.,토끼는 소리가 나는 위치를 정확하게 압니다.,산에 사는 토끼는 빠른 속도로 뛸 수 없습니다.,토끼는 소리가 나는 위치를 정확하게 압니다.,The passage says rabbits can accurately detect the direction of sounds.
117,reading,topik_1,long_reading_comprehension (65-68),"인주도서관에는 '독서 로봇'이 있습니다. 아이들에게 책을 읽어 주는 로봇입니다. 아이들이 책을 펴서 한 장씩 보여 주면 로봇이 읽어 줍니다. 모양도 귀엽고 재미있는 목소리로 책을 읽어 줘서 한글을 모르는 아이들이 좋아합니다. 도서관을 방문한 아이는 누구나 이용할 수 있고, 인터넷으로 미리 신청하면 집에 빌려 갈 수도 있습니다. 이 로봇 덕분에 인주도서관에 ( ) 있습니다.",㉠에 들어갈 말로 가장 알맞은 것을 고르십시오.,한글 책이 줄고,새 직원이 들어오고,아이들 손님이 늘고,높은 책장이 없어지고,아이들 손님이 늘고,"The robot attracts children, so the number of child visitors increases."
118,reading,topik_1,long_reading_comprehension (65-68),"인주도서관에는 '독서 로봇'이 있습니다. 아이들에게 책을 읽어 주는 로봇입니다. 아이들이 책을 펴서 한 장씩 보여 주면 로봇이 읽어 줍니다. 모양도 귀엽고 재미있는 목소리로 책을 읽어 줘서 한글을 모르는 아이들이 좋아합니다. 도서관을 방문한 아이는 누구나 이용할 수 있고, 인터넷으로 미리 신청하면 집에 빌려 갈 수도 있습니다. 이 로봇 덕분에 인주도서관에 ( ) 있습니다.",윗글의 내용과 같은 것을 고르십시오.,이 로봇은 아이들에게 책을 골라 줍니다.,이 로봇은 한글을 몰라도 이용할 수 있습니다.,이 로봇은 모양 때문에 아이들에게 인기가 없습니다.,이 로봇을 빌리려면 도서관에 가서 신청해야 합니다.,이 로봇은 한글을 몰라도 이용할 수 있습니다.,The passage says even children who cannot read Korean can use it.
119,reading,topik_1,opinion_inference (69-70),10년 넘게 키운 강아지가 하늘나라로 떠나서 이제 만날 수 없습니다. 저는 강아지와 함께한 시간을 기억하고 싶어서 휴대폰 게임을 만들었습니다. 주인공과 강아지가 함께 ( ) 게임입니다. 저는 주인공이 되어 강아지와 높은 산도 오르고 파도가 심한 바다도 건넙니다. 나쁜 사람을 만나면 함께 싸우기도 합니다. 여행을 마치고 집으로 돌아오면 게임이 끝납니다. 저는 강아지가 보고 싶을 때마다 이 게임을 합니다.,㉠에 들어갈 말로 가장 알맞은 것을 고르십시오.,집을 짓는,여행을 떠나는,가족을 만나는,사람들을 돕는,여행을 떠나는,"The game content describes traveling together, so ""going on a trip"" fits best."
120,reading,topik_1,opinion_inference (69-70),10년 넘게 키운 강아지가 하늘나라로 떠나서 이제 만날 수 없습니다. 저는 강아지와 함께한 시간을 기억하고 싶어서 휴대폰 게임을 만들었습니다. 주인공과 강아지가 함께 ( ) 게임입니다. 저는 주인공이 되어 강아지와 높은 산도 오르고 파도가 심한 바다도 건넙니다. 나쁜 사람을 만나면 함께 싸우기도 합니다. 여행을 마치고 집으로 돌아오면 게임이 끝납니다. 저는 강아지가 보고 싶을 때마다 이 게임을 합니다.,윗글의 내용으로 알 수 있는 것을 고르십시오.,저는 강아지를 그리워하고 있습니다.,저는 강아지를 키우는 게임을 샀습니다.,저는 오랫동안 이 게임을 하지 못했습니다.,저는 강아지와 매일 놀아 주는 것이 힘들었습니다.,저는 강아지를 그리워하고 있습니다.,The speaker made the game because they miss their dog.
121,reading,topik_1,vocabulary_match (31-33),사과가 있습니다. 수박은 없습니다.,무엇에 대한 이야기입니까?,시간,과일,운동,가족,과일,"The sentences mention fruits (apple and watermelon), so the topic is fruit."
122,reading,topik_1,vocabulary_match (31-33),저는 열다섯 살입니다. 언니는 열일곱 살입니다.,무엇에 대한 이야기입니까?,나이,날짜,이름,나라,나이,"The sentences talk about ages (15 and 17), so the topic is age."
123,reading,topik_1,vocabulary_match (31-33),수미 씨는 회사원입니다. 컴퓨터 회사에 다닙니다.,무엇에 대한 이야기입니까?,취미,직업,약속,쇼핑,직업,"The sentences describe a job, so the topic is occupation."
124,reading,topik_1,grammar_fill_blank (34-39),친구를 만납니다. ( )에서 야구를 합니다.,㉠에 들어갈 말로 가장 알맞은 것을 고르십시오.,약국,공항,도서관,운동장,운동장,"Baseball is played at a field, so ""운동장"" is correct."
125,reading,topik_1,grammar_fill_blank (34-39),백화점에 갑니다. 바지( ) 치마를 삽니다.,㉠에 들어갈 말로 가장 알맞은 것을 고르십시오.,도,는,하고,에게,하고,"하고 connects nouns meaning ""and"", so it fits here."
126,reading,topik_1,grammar_fill_blank (34-39),병원이 집에서 ( ). 걸어서 갑니다.,㉠에 들어갈 말로 가장 알맞은 것을 고르십시오.,큽니다,삽니다,가깝습니다,조용합니다,가깝습니다,"If you walk there, it must be close, so ""가깝습니다"" is correct."
127,reading,topik_1,grammar_fill_blank (34-39),저는 케이크를 ( ) 좋아합니다. 매일 먹습니다.,㉠에 들어갈 말로 가장 알맞은 것을 고르십시오.,아주,아까,먼저,어서,아주,"아주 (very) naturally modifies ""좋아합니다""."
128,reading,topik_1,grammar_fill_blank (34-39),비가 옵니다. 그래서 창문을 ( ).,㉠에 들어갈 말로 가장 알맞은 것을 고르십시오.,삽니다,줍니다,닫습니다,읽습니다,닫습니다,"If it rains, you close the window, so ""닫습니다"" is correct."
129,reading,topik_1,grammar_fill_blank (34-39),오늘 많이 피곤합니다. 집에서 ( ).,㉠에 들어갈 말로 가장 알맞은 것을 고르십시오.,쉽니다,됩니다,자릅니다,찾습니다,쉽니다,"If you are tired, you rest at home, so ""쉽니다"" is correct."
130,reading,topik_1,notice_ad_understanding (40-42),"불고기 김밥, 2023년 11월 30일까지, 1,500원",맞지 않는 것을 고르십시오.,김밥입니다.,천오백 원입니다.,불고기 맛입니다.,십이월까지 팝니다.,십이월까지 팝니다.,"The ad says it is sold until November 30, not December, so this is incorrect."
131,reading,topik_1,notice_ad_understanding (40-42),"인주공원 지도: 주차장은 공원 밖에 있고, 카페 옆에 화장실이 있으며, 입구는 하나이고, 농구장이 있음.",맞지 않는 것을 고르십시오.,주차장은 공원 안에 있습니다.,카페 옆에 화장실이 있습니다.,공원에 입구가 한 개 있습니다.,이곳에서 농구를 할 수 있습니다.,주차장은 공원 안에 있습니다.,"The parking lot is outside the park, so this statement is incorrect."
132,reading,topik_1,notice_ad_understanding (40-42),"메시지: 수미는 일이 많아서 아직 회사에 있고, 5분 후 출발하며 조금 늦을 것 같다고 함.",맞지 않는 것을 고르십시오.,수미 씨는 오늘 바빴습니다.,수미 씨는 메시지를 보냈습니다.,수미 씨는 지금 회사에 있습니다.,수미 씨는 십 분 후에 출발할 겁니다.,수미 씨는 십 분 후에 출발할 겁니다.,"The message says she will leave in 5 minutes, not 10, so this is incorrect."
133,reading,topik_1,short_reading_comprehension (43-48),저는 친구와 함께 삽니다. 우리는 집에서 한국 가수의 노래를 매일 듣습니다. 금요일에는 수업이 끝나고 같이 노래방에 갑니다.,윗글의 내용이 같은 것을 고르십시오.,친구는 저와 같이 삽니다.,저는 금요일에 수업이 없습니다.,우리는 한국 노래를 가끔 듣습니다.,친구는 금요일에 혼자 노래방에 갑니다.,친구는 저와 같이 삽니다.,"The passage says they live together, so this matches."
134,reading,topik_1,short_reading_comprehension (43-48),매년 여름에 한강에서 축제를 합니다. 저는 올해 한강 축제에 처음 갔습니다. 축제에서 춤 공연도 구경하고 맛있는 치킨도 먹었습니다.,윗글의 내용이 같은 것을 고르십시오.,이 축제는 가을에 합니다.,이 축제에서 춤 공연을 봤습니다.,저는 작년에 이 축제에 갔습니다.,저는 이 축제에서 치킨을 못 먹었습니다.,이 축제에서 춤 공연을 봤습니다.,The passage says the speaker watched a dance performance.
135,reading,topik_1,short_reading_comprehension (43-48),저는 자전거가 있지만 잘 못 탑니다. 그래서 저는 주말마다 민수 씨를 만나서 자전거를 배웁니다. 나중에 민수 씨와 자전거 여행을 하고 싶습니다.,윗글의 내용이 같은 것을 고르십시오.,저는 자전거가 없습니다.,저는 지금 자전거를 잘 탑니다.,저는 주말에 민수 씨를 만납니다.,저는 요즘 민수 씨와 자전거 여행을 합니다.,저는 주말에 민수 씨를 만납니다.,The passage says the speaker meets Minsu on weekends.
136,reading,topik_1,short_reading_comprehension (43-48),저는 등산을 하러 제주도에 왔습니다. 그런데 오늘 비가 와서 등산을 못 했습니다. 내일은 꼭 산에 가고 싶습니다.,윗글의 중심 내용을 고르십시오.,저는 제주도에서 등산할 겁니다.,저는 등산을 하는 것이 힘듭니다.,저는 비가 오는 날을 좋아합니다.,저는 제주도에 가서 살려고 합니다.,저는 제주도에서 등산할 겁니다.,The main idea is that the speaker came to hike and plans to go hiking.
137,reading,topik_1,short_reading_comprehension (43-48),저는 백화점에서 모자를 하나 샀습니다. 그 모자는 가볍고 예쁩니다. 저는 요즘 밖에 나갈 때 그 모자를 자주 씁니다.,윗글의 중심 내용을 고르십시오.,저는 모자가 마음에 듭니다.,저는 예쁜 모자가 필요합니다.,저는 친구에게 모자를 줄 겁니다.,저는 백화점에서 일하면 좋겠습니다.,저는 모자가 마음에 듭니다.,The main idea is that the speaker likes the hat.
138,reading,topik_1,short_reading_comprehension (43-48),저는 고등학교 졸업 후에 김 선생님을 못 만났습니다. 저는 이번 주말에 김 선생님을 만나러 갈 겁니다. 빨리 주말이 오면 좋겠습니다.,윗글의 중심 내용을 고르십시오.,저는 선생님이 될 겁니다.,저는 김 선생님이 보고 싶습니다.,저는 고등학교를 졸업해야 합니다.,저는 학교에 다니는 것이 즐겁습니다.,저는 김 선생님이 보고 싶습니다.,The main idea is that the speaker misses the teacher and wants to meet them.
139,reading,topik_1,paragraph_fill_blank (49-56),지영 씨는 제 친한 친구인데 지난달에 결혼했습니다. 저와 제 남편은 지영 씨의 결혼식에 갔습니다. 그래서 오늘 지영 씨 부부가 저와 남편을 집으로 초대했습니다. 우리는 지영 씨의 집을 ( ) 지영 씨 부부가 만든 음식을 맛있게 먹었습니다. 그리고 결혼식 사진도 함께 봤습니다.,㉠에 들어갈 말로 가장 알맞은 것을 고르십시오.,구경하고,구경하러,구경하는,구경해도,구경하고,"The sentence connects two actions (""look around"" and ""eat""), so ""구경하고"" is correct."
140,reading,topik_1,paragraph_fill_blank (49-56),지영 씨는 제 친한 친구인데 지난달에 결혼했습니다. 저와 제 남편은 지영 씨의 결혼식에 갔습니다. 그래서 오늘 지영 씨 부부가 저와 남편을 집으로 초대했습니다. 우리는 지영 씨의 집을 ( ) 지영 씨 부부가 만든 음식을 맛있게 먹었습니다. 그리고 결혼식 사진도 함께 봤습니다.,윗글의 내용과 같은 것을 고르십시오.,저는 오늘 지영 씨를 집에 초대했습니다.,지영 씨는 오늘 제 남편을 못 만났습니다.,저는 오늘 지영 씨의 결혼식 사진을 봤습니다.,지영 씨는 오늘 저와 식당에서 밥을 먹었습니다.,저는 오늘 지영 씨의 결혼식 사진을 봤습니다.,The passage says they looked at wedding photos together.
141,reading,topik_1,paragraph_fill_blank (49-56),한국대학교에서는 외국인 학생들에게 한복을 빌려주는 서비스를 시작했습니다. 요즘 외국인 학생들은 명절이나 학교에서 행사가 있을 때 한복을 자주 입기 때문입니다. 한복은 1층에 있는 사무실에서 빌릴 수 있습니다. 마음에 드는 한복을 고르고 이름과 전화번호를 써서 빕니다. ( ) 3일 동안 무료로 한복을 빌릴 수 있습니다.,㉠에 들어갈 말로 가장 알맞은 것을 고르십시오.,그러면,그래도,그러나,그렇지만,그러면,"The sentence shows a result (""then you can borrow it for 3 days""), so ""그러면"" fits."
142,reading,topik_1,paragraph_fill_blank (49-56),한국대학교에서는 외국인 학생들에게 한복을 빌려주는 서비스를 시작했습니다. 요즘 외국인 학생들은 명절이나 학교에서 행사가 있을 때 한복을 자주 입기 때문입니다. 한복은 1층에 있는 사무실에서 빌릴 수 있습니다. 마음에 드는 한복을 고르고 이름과 전화번호를 써서 빕니다. ( ) 3일 동안 무료로 한복을 빌릴 수 있습니다.,무엇에 대한 내용인지 맞는 것을 고르십시오.,한복을 사는 이유,한복을 빌리는 방법,한복을 입으면 좋은 점,한복을 싸게 살 수 있는 장소,한복을 빌리는 방법,The passage explains how to borrow a hanbok.
143,reading,topik_1,paragraph_fill_blank (49-56),저는 퇴근 후에 친구들과 매일 배드민턴 모임을 합니다. 우리는 오후 8시에 모여서 배드민턴을 칩니다. 일 끝나고 매일 모이는 것이 ( ) 친구들과 같이 하니까 재미있습니다. 처음에는 다음 날 아침에 너무 피곤했는데 지금은 괜찮습니다. 몸도 더 건강해지는 것 같습니다.,㉠에 들어갈 말로 가장 알맞은 것을 고르십시오.,힘들면,힘들게,힘들거나,힘들지만,힘들지만,"The sentence shows contrast (it is hard but fun), so ""힘들지만"" fits."
145,reading,topik_1,paragraph_fill_blank (49-56),저는 퇴근 후에 친구들과 매일 배드민턴 모임을 합니다. 우리는 오후 8시에 모여서 배드민턴을 칩니다. 일 끝나고 매일 모이는 것이 ( ) 친구들과 같이 하니까 재미있습니다. 처음에는 다음 날 아침에 너무 피곤했는데 지금은 괜찮습니다. 몸도 더 건강해지는 것 같습니다.,윗글의 내용과 같은 것을 고르십시오.,저는 퇴근하고 혼자 운동을 합니다.,저는 요즘 아침에 계속 피곤합니다.,배드민턴 모임은 오후 여덟 시에 합니다.,배드민턴 모임은 일주일에 한 번 있습니다.,배드민턴 모임은 오후 여덟 시에 합니다.,"The passage says they meet at 8 PM, so this matches."
146,reading,topik_1,paragraph_fill_blank (49-56),사람들은 여러 종류의 차를 마십니다. 그중에서 ( ) 때 마시면 좋은 차가 있습니다. ‘인삼차’는 배가 아플 때 마시면 도움이 됩니다. 또 잠을 못 잘 때는 ‘장미차’를 마시면 좋습니다. 감기에는 ‘유자차’가 좋습니다. 이런 차들은 맛도 좋고 가게에서 쉽게 사 먹을 수 있어서 편합니다.,㉠에 들어갈 말로 가장 알맞은 것을 고르십시오.,일이 바쁠,가게에 갈,음식을 만들,몸이 안 좋을,몸이 안 좋을,"The examples describe situations when you are not feeling well, so this fits."
147,reading,topik_1,paragraph_fill_blank (49-56),사람들은 여러 종류의 차를 마십니다. 그중에서 ( ) 때 마시면 좋은 차가 있습니다. ‘인삼차’는 배가 아플 때 마시면 도움이 됩니다. 또 잠을 못 잘 때는 ‘장미차’를 마시면 좋습니다. 감기에는 ‘유자차’가 좋습니다. 이런 차들은 맛도 좋고 가게에서 쉽게 사 먹을 수 있어서 편합니다.,윗글의 내용과 같은 것을 고르십시오.,유자차는 맛이 안 좋아서 먹기 불편합니다.,잠을 자지 못할 때 장미차가 도움이 됩니다.,배가 아플 때 인삼차를 마시면 좋지 않습니다.,장미차는 팔지 않기 때문에 만들어 먹어야 합니다.,잠을 자지 못할 때 장미차가 도움이 됩니다.,The passage says rose tea helps when you cannot sleep.
148,reading,topik_1,sentence_order (57-58),(가) 저는 여행을 가면 기념품을 꼭 삽니다. (나) 다음에는 산이나 바다 그림이 있는 컵을 사고 싶습니다. (다) 지금까지는 유명한 건물 그림이 있는 컵을 많이 샀습니다. (라) 기념품 중에서 여행한 장소의 그림이 있는 컵을 주로 삽니다.,다음을 순서에 맞게 배열한 것을 고르십시오.,(가)-(나)-(다)-(라),(가)-(라)-(다)-(나),(라)-(가)-(나)-(다),(라)-(나)-(다)-(가),(가)-(라)-(다)-(나),The flow is general statement → detail → past experience → future plan.
149,reading,topik_1,sentence_order (57-58),(가) 그렇게 하면 실수를 줄일 수 있습니다. (나) 미리 할 일을 써 보는 것도 좋은 방법입니다. (다) 계획을 세우지 않고 일을 하면 좋지 않습니다. (라) 일을 할 때 실수를 자주 할 수 있기 때문입니다.,다음을 순서에 맞게 배열한 것을 고르십시오.,(나)-(다)-(가)-(라),(나)-(라)-(다)-(가),(다)-(가)-(나)-(라),(다)-(라)-(나)-(가),(다)-(라)-(나)-(가),The flow is problem → reason → solution → result.
150,reading,topik_1,connector_logic (59-62),저는 태국 친구하고 인주 역사 박물관에 갔습니다. (㉠) 친구는 한국어를 잘 못합니다. (㉡) 그런데 그 박물관에는 외국어로 설명해 주는 서비스가 있었습니다. (㉢) 친구는 태국어 설명 서비스를 신청했습니다. (㉣) 설명이 쉽고 재미있어서 친구가 정말 좋아했습니다.,다음 문장이 들어갈 곳으로 가장 알맞은 것을 고르십시오. 잠시 후에 태국 사람이 와서 태국어로 역사를 설명해 주었습니다.,㉠,㉡,㉢,㉣,㉢,The sentence fits after applying for the Thai-language service and before the explanation result.
151,reading,topik_1,connector_logic (59-62),저는 태국 친구하고 인주 역사 박물관에 갔습니다. (㉠) 친구는 한국어를 잘 못합니다. (㉡) 그런데 그 박물관에는 외국어로 설명해 주는 서비스가 있었습니다. (㉢) 친구는 태국어 설명 서비스를 신청했습니다. (㉣) 설명이 쉽고 재미있어서 친구가 정말 좋아했습니다.,윗글의 내용과 같은 것을 고르십시오.,제 친구는 한국어를 잘합니다.,태국어 설명은 조금 어려웠습니다.,제 친구는 태국어로 설명을 들었습니다.,저는 외국어 설명 서비스를 신청했습니다.,제 친구는 태국어로 설명을 들었습니다.,The passage says the friend used and listened to Thai-language explanation.
152,reading,topik_1,connector_logic (59-62),지난주에 새 식당이 문을 열었습니다. 이 식당에는 여러 모양의 멋있는 가구들이 있습니다. 이 가구들은 모두 사장님이 만든 것인데 손님이 살 수도 있습니다. 저는 어제 동생과 그 식당에 처음 갔습니다. 우리는 꽃 모양 테이블에 앉아서 음식을 먹었습니다. 분위기도 좋고 음식도 맛있어서 우리는 다음에 또 ( ).,㉠에 들어갈 말로 가장 알맞은 것을 고르십시오.,간 것 같습니다,갈 수 없습니다,가면 안 됩니다,가기로 했습니다,가기로 했습니다,"The sentence shows a future decision, so ""we decided to go again"" fits."
153,reading,topik_1,connector_logic (59-62),지난주에 새 식당이 문을 열었습니다. 이 식당에는 여러 모양의 멋있는 가구들이 있습니다. 이 가구들은 모두 사장님이 만든 것인데 손님이 살 수도 있습니다. 저는 어제 동생과 그 식당에 처음 갔습니다. 우리는 꽃 모양 테이블에 앉아서 음식을 먹었습니다. 분위기도 좋고 음식도 맛있어서 우리는 다음에 또 ( ).,윗글의 내용과 같은 것을 고르십시오.,저는 이 식당에 오랜만에 갔습니다.,저는 이 식당의 가구를 만들었습니다.,이 식당에서는 테이블을 살 수 있습니다.,이 식당의 가구는 모두 같은 모양입니다.,이 식당에서는 테이블을 살 수 있습니다.,The passage says customers can buy the furniture.
154,reading,topik_1,announcement_board (63-64),"인터넷 쇼핑몰 게시판 글: 이틀 전에 청바지를 주문했고 여행 때 입고 싶어서 언제 받을 수 있는지 문의하며, 서비스 센터에 연락했지만 답을 못 받아 글을 남김.",왜 윗글을 썼는지 맞는 것을 고르십시오.,다른 청바지로 바꾸려고,청바지 주문을 취소하려고,청바지의 값을 확인하려고,청바지 도착 날짜를 물어보려고,청바지 도착 날짜를 물어보려고,The writer wants to know when the jeans will arrive.
155,reading,topik_1,announcement_board (63-64),"인터넷 쇼핑몰 게시판 글: 이틀 전에 청바지를 주문했고 여행 때 입고 싶어서 언제 받을 수 있는지 문의하며, 서비스 센터에 연락했지만 답을 못 받아 글을 남김.",윗글의 내용과 같은 것을 고르십시오.,저는 목요일에 여행을 갑니다.,저는 오늘 이 청바지를 샀습니다.,저는 인터넷 쇼핑몰에서 이 옷을 샀습니다.,저는 서비스 센터에 전화한 적이 없습니다.,저는 인터넷 쇼핑몰에서 이 옷을 샀습니다.,The passage says the jeans were ordered online.
156,reading,topik_1,long_reading_comprehension (65-68),매월 마지막 주 수요일에 인주시청 앞에서는 ‘책을 읽읍시다!’라는 행사를 합니다. 이 행사는 ( ) 사람들에게 인기가 많습니다. 새로 나온 책을 구경할 수도 있고 자기가 읽은 책을 다른 사람에게 싸게 팔 수도 있습니다. 유명한 작가와 인사를 나누는 프로그램도 있습니다. 행사에 다녀와서 느낀 것을 홈페이지에 쓰면 선물도 받을 수 있습니다.,㉠에 들어갈 말로 가장 알맞은 것을 고르십시오.,참가비가 싸서,프로그램이 다양해서,집에서 할 수 있어서,주말에 갈 수 있어서,프로그램이 다양해서,"The event offers many different activities, so it is popular for that reason."
157,reading,topik_1,long_reading_comprehension (65-68),매월 마지막 주 수요일에 인주시청 앞에서는 ‘책을 읽읍시다!’라는 행사를 합니다. 이 행사는 ( ) 사람들에게 인기가 많습니다. 새로 나온 책을 구경할 수도 있고 자기가 읽은 책을 다른 사람에게 싸게 팔 수도 있습니다. 유명한 작가와 인사를 나누는 프로그램도 있습니다. 행사에 다녀와서 느낀 것을 홈페이지에 쓰면 선물도 받을 수 있습니다.,윗글의 내용과 같은 것을 고르십시오.,이 행사에 있는 책은 모두 오래된 책입니다.,이 행사는 인주시청에서 한 달 동안 합니다.,이 행사에서는 유명한 작가를 만날 수 있습니다.,이 행사에 참가한 모든 사람에게는 선물을 줍니다.,이 행사에서는 유명한 작가를 만날 수 있습니다.,The passage says there is a program to meet famous writers.
158,reading,topik_1,long_reading_comprehension (65-68),최근 특별한 어린이 우산이 나왔습니다. 이 우산을 펴면 위쪽에서 빛이 납니다. 그리고 손잡이의 버튼을 누르면 노랫소리가 나옵니다. 이렇게 ( ) 아이들이 좋아합니다. 보통 우산을 쓰면 아이가 잘 안 보이는데 이 우산을 쓰면 아이가 어디에 있는지 쉽게 알 수 있습니다. 또 튼튼해서 오래 쓸 수 있습니다. 그래서 다른 우산보다 좀 비싸지만 인기가 있습니다.,㉠에 들어갈 말로 가장 알맞은 것을 고르십시오.,빛과 소리가 나니까,여러 색깔로 변하니까,예쁜 그림이 있으니까,크기와 무게가 적당하니까,빛과 소리가 나니까,"The umbrella has light and sound features, which is why children like it."
159,reading,topik_1,long_reading_comprehension (65-68),최근 특별한 어린이 우산이 나왔습니다. 이 우산을 펴면 위쪽에서 빛이 납니다. 그리고 손잡이의 버튼을 누르면 노랫소리가 나옵니다. 이렇게 ( ) 아이들이 좋아합니다. 보통 우산을 쓰면 아이가 잘 안 보이는데 이 우산을 쓰면 아이가 어디에 있는지 쉽게 알 수 있습니다. 또 튼튼해서 오래 쓸 수 있습니다. 그래서 다른 우산보다 좀 비싸지만 인기가 있습니다.,윗글의 내용과 같은 것을 고르십시오.,이 우산은 약해서 고장이 잘 납니다.,이 우산은 손잡이 쪽에서 빛이 납니다.,이 우산의 가격은 다른 우산과 비슷합니다.,이 우산을 쓰면 아이의 위치를 확인하기 쉽습니다.,이 우산을 쓰면 아이의 위치를 확인하기 쉽습니다.,The passage says you can easily find where the child is.
160,reading,topik_1,opinion_inference (69-70),우리 가족은 일 년 전에 한국에 왔습니다. 저와 아내는 회사에 다니면서 아이를 돌보는 것이 힘들었습니다. 이것을 알고 옆집에 사는 할머니가 아이를 자주 돌봐 주셨습니다. 아이는 할머니를 좋아했습니다. 그런데 할머니가 갑자기 ( ). 아이는 많이 울었습니다. 할머니와 헤어지는 날에 아이는 “제가 생각날 때 보세요.”라고 하면서 직접 그린 그림을 선물했습니다. 그 그림에는 할머니와 아이가 있었습니다. 할머니는 눈물을 흘리셨습니다.,㉠에 들어갈 말로 가장 알맞은 것을 고르십시오.,선물을 받아 보셨습니다,이사를 가시게 되었습니다,아이를 데리러 오셨습니다,저를 도와주려고 하셨습니다,이사를 가시게 되었습니다,"The context shows the grandmother had to leave, causing sadness."
161,reading,topik_1,opinion_inference (69-70),우리 가족은 일 년 전에 한국에 왔습니다. 저와 아내는 회사에 다니면서 아이를 돌보는 것이 힘들었습니다. 이것을 알고 옆집에 사는 할머니가 아이를 자주 돌봐 주셨습니다. 아이는 할머니를 좋아했습니다. 그런데 할머니가 갑자기 ( ). 아이는 많이 울었습니다. 할머니와 헤어지는 날에 아이는 “제가 생각날 때 보세요.”라고 하면서 직접 그린 그림을 선물했습니다. 그 그림에는 할머니와 아이가 있었습니다. 할머니는 눈물을 흘리셨습니다.,윗글의 내용으로 알 수 있는 것을 고르십시오.,아이는 우리 부부와 헤어져서 슬펐습니다.,아이는 할머니와 함께 있는 것이 좋았습니다.,할머니는 아이와 같은 집에 살아서 편했습니다.,할머니는 아이의 선물을 받고 기분이 나빴습니다.,아이는 할머니와 함께 있는 것이 좋았습니다.,The child liked being with the grandmother.
162,reading,topik_1,vocabulary_match (31-33),저는 영국 사람입니다. 친구는 중국 사람입니다.,무엇에 대한 이야기입니까?,가족,날짜,나라,학교,나라,"The sentences mention countries (UK and China), so the topic is country."
163,reading,topik_1,vocabulary_match (31-33),민수 씨는 의사입니다. 병원에서 일합니다.,무엇에 대한 이야기입니까?,요일,여행,취미,직업,직업,"The sentences describe a job, so the topic is occupation."
164,reading,topik_1,vocabulary_match (31-33),오늘은 비가 옵니다. 조금 춥습니다.,무엇에 대한 이야기입니까?,운동,날씨,방학,계획,날씨,The sentences describe weather conditions.
165,reading,topik_1,grammar_fill_blank (34-39),( )에 갑니다. 책을 삽니다.,㉠에 들어갈 말로 가장 알맞은 것을 고르십시오.,은행,극장,서점,식당,서점,"You go to a bookstore to buy books, so ""서점"" is correct."
166,reading,topik_1,grammar_fill_blank (34-39),신발이 ( ). 발이 아픕니다.,㉠에 들어갈 말로 가장 알맞은 것을 고르십시오.,같습니다,좋습니다,작습니다,많습니다,작습니다,"If shoes are too small, your feet hurt."
167,reading,topik_1,grammar_fill_blank (34-39),오후에 약속이 있습니다. 민수 씨를 ( ).,㉠에 들어갈 말로 가장 알맞은 것을 고르십시오.,찍습니다,배웁니다,모릅니다,만납니다,만납니다,"If you have an appointment, you meet the person."
168,reading,topik_1,grammar_fill_blank (34-39),이것은 제 가방이 아닙니다. 동생( ) 가방입니다.,㉠에 들어갈 말로 가장 알맞은 것을 고르십시오.,도,만,의,을,의,"The possessive particle ""의"" indicates ""my younger sibling’s bag""."
169,reading,topik_1,grammar_fill_blank (34-39),회사에 일이 많습니다. ( ) 바쁩니다.,㉠에 들어갈 말로 가장 알맞은 것을 고르십시오.,빨리,아까,먼저,아주,아주,"The adverb ""아주"" (very) naturally modifies ""바쁩니다""."
170,reading,topik_1,grammar_fill_blank (34-39),오늘은 제 생일입니다. 집에 친구들을 ( ).,㉠에 들어갈 말로 가장 알맞은 것을 고르십시오.,줍니다,말합니다,좋아합니다,초대합니다,초대합니다,"On a birthday, you invite friends, so ""초대합니다"" is correct."
171,reading,topik_1,notice_ad_understanding (40-42),"1,000원의 아침밥: 기간 2024년 9월~12월, 일시 월~금 08:00~09:00, 장소 학생 식당, 가격 1,000원, 인주대학교 학생만 이용 가능.",맞지 않는 것을 고르십시오.,천 원에 팝니다.,구월까지 합니다.,주말에는 못 먹습니다.,학생 식당에서 먹습니다.,구월까지 합니다.,"The event runs from September to December, not until September."
172,reading,topik_1,notice_ad_understanding (40-42),"승차권: 2024년 10월 12일(토), 서울 → 인주, 13:30 출발, 15:00 도착, 인원 2명, 좌석 3A, 3B.",맞지 않는 것을 고르십시오.,두 명이 갑니다.,오전에 출발합니다.,인주에 세 시에 도착합니다.,시월 십이 일에 기차를 탑니다.,오전에 출발합니다.,"The train departs at 13:30 (afternoon), not in the morning."
173,reading,topik_1,short_reading_comprehension (43-48),우리 집 근처에 빵집이 하나 있습니다. 그 빵집은 케이크가 싸고 맛있습니다. 저는 케이크를 좋아해서 거기에 자주 갑니다.,윗글의 내용이 같은 것을 고르십시오.,빵집이 집에서 멉니다.,저는 빵집에 자주 갑니다.,저는 케이크를 싫어합니다.,케이크가 비싸지만 맛있습니다.,저는 빵집에 자주 갑니다.,The passage says the speaker often goes to the bakery.
174,reading,topik_1,short_reading_comprehension (43-48),저는 1년 동안 K-POP 춤을 배웠습니다. 매일 연습해서 지금은 잘 춥니다. 이번 달에는 K-POP 춤 대회에도 나갑니다.,윗글의 내용이 같은 것을 고르십시오.,저는 K-POP 춤을 잘 춥니다.,저는 춤 연습을 못 했습니다.,저는 한 달 동안 춤을 배웠습니다.,저는 다음 달에 춤 대회에 나갑니다.,저는 K-POP 춤을 잘 춥니다.,The passage says the speaker can dance well now.
175,reading,topik_1,short_reading_comprehension (43-48),저는 그릇 모으는 것이 취미입니다. 그래서 저는 예쁜 그릇을 볼 때마다 삽니다. 지난 주말에는 백화점에서 꽃 모양 접시를 샀습니다.,윗글의 내용이 같은 것을 고르십시오.,저는 취미가 없습니다.,저는 예쁜 그릇을 보면 삽니다.,저는 백화점에서 컵을 샀습니다.,저는 지난 주말에 밖에 안 나갔습니다.,저는 예쁜 그릇을 보면 삽니다.,The passage says the speaker buys pretty dishes when they see them.
176,reading,topik_1,short_reading_comprehension (43-48),저는 얼마 전에 테니스를 시작했습니다. 테니스를 치면 즐겁고 기분이 좋습니다. 그래서 매일 테니스를 치러 갑니다.,윗글의 내용이 같은 것을 고르십시오.,저는 테니스를 배우려고 합니다.,저는 테니스를 치는 것을 좋아합니다.,저는 테니스 경기를 보고 싶습니다.,저는 친구와 테니스를 치면 좋겠습니다.,저는 테니스를 치는 것을 좋아합니다.,The passage says the speaker enjoys playing tennis.
177,reading,topik_1,short_reading_comprehension (43-48),제 방 에어컨은 오래되었습니다. 에어컨에서 소리도 나고 시원하지 않습니다. 이번 여름에는 새 에어컨을 사려고 합니다.,윗글의 내용이 같은 것을 고르십시오.,저는 에어컨을 바꿀 겁니다.,저는 큰 에어컨이 좋습니다.,저는 에어컨이 싸면 좋겠습니다.,저는 에어컨을 오래 쓰고 싶습니다.,저는 에어컨을 바꿀 겁니다.,The speaker plans to buy a new air conditioner.
178,reading,topik_1,short_reading_comprehension (43-48),우리 동네에 편의점이 생겼습니다. 거기는 넓고 좋은 물건도 많습니다. 그리고 늦은 시간에도 편하게 이용할 수 있습니다.,윗글의 내용이 같은 것을 고르십시오.,저는 편의점이 넓으면 좋겠습니다.,저는 우리 동네 편의점에서 일할 겁니다.,저는 우리 동네 편의점이 마음에 듭니다.,저는 편의점에서 물건을 많이 사고 싶습니다.,저는 우리 동네 편의점이 마음에 듭니다.,The passage describes positive feelings about the convenience store.
179,reading,topik_1,sentence_order (57-58),(가) 수첩에는 그것을 보고 느낀 것을 메모했습니다. (나) 저는 지금까지 세계 여러 나라를 여행했습니다. (다) 최근에 그 사진과 메모를 정리해서 책을 썼습니다. (라) 여행하면서 아름다운 풍경을 볼 때마다 사진을 찍었습니다.,다음을 순서에 맞게 배열한 것을 고르십시오.,(나)-(가)-(다)-(라),(나)-(라)-(가)-(다),(라)-(나)-(다)-(가),(라)-(다)-(가)-(나),(나)-(라)-(가)-(다),Flow: introduce travel → take photos → write notes → organize into a book.
180,reading,topik_1,sentence_order (57-58),(가) 약은 쓴맛이 나는 것이 대부분입니다. (나) 그래서 아이들이 자주 먹는 약은 달게 만듭니다. (다) 이 때문에 아이들은 보통 약 먹는 것을 싫어합니다. (라) 어린이 감기약이 단맛이 나는 이유가 바로 그것입니다.,다음을 순서에 맞게 배열한 것을 고르십시오.,(가)-(다)-(나)-(라),(가)-(라)-(다)-(나),(라)-(가)-(나)-(다),(라)-(나)-(다)-(가),(가)-(다)-(나)-(라),Flow: fact → result → solution → conclusion.
181,reading,topik_1,vocabulary_match (31-33),저는 일본에서 왔습니다. 친구는 미국에서 왔습니다.,무엇에 대한 이야기입니까?,음식,나라,요일,선물,나라,"The sentences mention countries (Japan and USA), so the topic is country."
182,reading,topik_1,vocabulary_match (31-33),과자가 천 원입니다. 조금 비쌉니다.,무엇에 대한 이야기입니까?,값,옷,직업,공부,값,"The sentences describe price, so the topic is cost."
183,reading,topik_1,vocabulary_match (31-33),"아버지, 어머니는 서울에 삽니다. 회사에 다닙니다.",무엇에 대한 이야기입니까?,나이,숙제,방학,부모,부모,The sentences talk about parents.
184,reading,topik_1,grammar_fill_blank (34-39),주스가 없습니다. 그래서 물을 ( ).,㉠에 들어갈 말로 가장 알맞은 것을 고르십시오.,눕니다,합니다,마십니다,모릅니다,마십니다,"If there is no juice, you drink water."
185,reading,topik_1,grammar_fill_blank (34-39),비가 옵니다. 그런데 ( )이 없습니다.,㉠에 들어갈 말로 가장 알맞은 것을 고르십시오.,우산,안경,지갑,사전,우산,"If it rains, you need an umbrella."
186,reading,topik_1,grammar_fill_blank (34-39),저는 의사입니다. 수진 씨( ) 의사입니다.,㉠에 들어갈 말로 가장 알맞은 것을 고르십시오.,만,에,를,도,도,"도 means ""also"", so it fits the sentence."
187,reading,topik_1,notice_ad_understanding (40-42),"행복사진관: 위치 2층(싱싱마트 옆), 영업시간 오전 10시~오후 8시, 월요일은 쉽니다.",맞지 않는 것을 고르십시오.,주말에 쉽니다.,이 층에 있습니다.,마트 옆에 있습니다.,저녁 여덟 시에 끝납니다.,주말에 쉽니다.,"The shop is closed on Monday, not on weekends."
188,reading,topik_1,notice_ad_understanding (40-42),"영화 할인권: 가격 12,000원 → 7,000원, 사용 기간 2018년 11월 1일~11월 30일, 메가 영화관.",맞지 않는 것을 고르십시오.,일주일 동안 사용합니다.,칠천 원에 영화를 봅니다.,십일월 삼십 일까지 사용합니다.,메가 영화관에서 영화를 봅니다.,일주일 동안 사용합니다.,"The coupon is valid for one month, not one week."
189,reading,topik_1,notice_ad_understanding (40-42),문자 메시지: 은정 씨가 집에 잘 도착했고 민수 씨 생일 파티가 재미있었으며 내일 수업에서 만나자고 함.,맞지 않는 것을 고르십시오.,은정 씨는 지금 집에 있습니다.,민수 씨는 내일 수업이 없습니다.,민수 씨와 은정 씨는 오늘 만났습니다.,은정 씨는 오늘 생일 파티에 갔습니다.,민수 씨는 내일 수업이 없습니다.,"The message says they will meet in class tomorrow, so this is incorrect."
190,reading,topik_1,short_reading_comprehension (43-48),저는 화요일 저녁에 K-POP 수업에 갑니다. 거기에서 한국 노래를 부르고 춤을 배웁니다. 잘 못하지만 재미있습니다.,윗글의 내용이 같은 것을 고르십시오.,저는 수업이 재미있습니다.,저는 한국 춤을 잘 춥니다.,저는 오전에 수업에 갑니다.,저는 한국 노래를 가르칩니다.,저는 수업이 재미있습니다.,The passage says the class is fun.
191,reading,topik_1,short_reading_comprehension (43-48),어제 친구와 공원에 갔습니다. 저는 맛있는 김밥을 준비했습니다. 공원에서 친구와 같이 김밥을 먹고 자전거를 탔습니다.,윗글의 내용이 같은 것을 고르십시오.,저는 오늘 공원에 갔습니다.,친구는 김밥을 준비했습니다.,친구는 김밥을 못 먹었습니다.,저는 공원에서 자전거를 탔습니다.,저는 공원에서 자전거를 탔습니다.,The passage says the speaker rode a bike in the park.
192,reading,topik_1,short_reading_comprehension (43-48),7월에는 김치 축제가 있습니다. 여러 김치를 먹어 볼 수 있어서 김치 축제에 가는 사람이 많이 옵니다. 김치 중에서 오이김치가 제일 인기 있습니다.,윗글의 내용이 같은 것을 고르십시오.,축제는 구월에 합니다.,축제에서 김치를 먹지 못합니다.,축제에 사람들이 별로 없습니다.,사람들이 오이김치를 제일 좋아합니다.,사람들이 오이김치를 제일 좋아합니다.,The passage says cucumber kimchi is the most popular.
193,reading,topik_1,short_reading_comprehension (43-48),저는 스키를 좋아합니다. 겨울이 되면 주말마다 스키를 타러 갑니다. 빨리 눈이 오는 겨울이 되면 좋겠습니다.,윗글의 내용이 같은 것을 고르십시오.,저는 구월을 기다립니다.,저는 겨울이 와서 좋습니다.,저는 빨리 스키를 타고 싶습니다.,저는 눈이 오는 날을 좋아합니다.,저는 빨리 스키를 타고 싶습니다.,The speaker is waiting for winter to ski.
194,reading,topik_1,short_reading_comprehension (43-48),저는 오늘 친구를 만났습니다. 친구를 일 년 동안 못 만나서 보고 싶었습니다. 우리는 밤늦게까지 이야기했습니다.,윗글의 내용이 같은 것을 고르십시오.,저는 친구를 만나서 좋았습니다.,저는 집에 일찍 가고 싶었습니다.,저는 친구를 많이 사귀고 싶습니다.,저는 친구가 저를 좋아하면 좋겠습니다.,저는 친구를 만나서 좋았습니다.,The speaker missed the friend and met them.
195,reading,topik_1,short_reading_comprehension (43-48),집 근처에 새로 도서관이 생겼습니다. 읽고 싶은 책이 많고 의자가 편안합니다. 그래서 저는 이 도서관에 자주 가려고 합니다.,윗글의 내용이 같은 것을 고르십시오.,저는 책이 많으면 좋겠습니다.,저는 새 도서관이 마음에 듭니다.,저는 편안한 장소에 있고 싶습니다.,저는 집에서 책을 읽는 것이 좋습니다.,저는 새 도서관이 마음에 듭니다.,The passage shows a positive opinion about the library.
196,reading,topik_1,short_reading_comprehension (43-48),저는 한국 사람이지만 영국에서 살고 있습니다. 그래서 한국어와 영어를 모두 잘합니다. 지금은 일본어를 배우고 있습니다.,윗글의 내용이 같은 것을 고르십시오.,저는 일본어를 공부합니다.,저는 한국어를 잘 못합니다.,저는 지금 한국에 있습니다.,저는 영어를 배우고 싶습니다.,저는 일본어를 공부합니다.,The passage says the speaker is learning Japanese.
197,reading,topik_1,short_reading_comprehension (43-48),저는 친구와 비행기로 제주도에 갔습니다. 거기에서 배를 타고 아름다운 바다를 봤습니다. 내년에는 가족과 제주도에 가고 싶습니다.,윗글의 내용이 같은 것을 고르십시오.,저는 배를 타고 제주도에 갔습니다.,저는 가족과 함께 비행기를 탔습니다.,저는 제주도에서 바다를 구경했습니다.,저는 내년에 친구와 제주도에 가려고 합니다.,저는 제주도에서 바다를 구경했습니다.,The passage says the speaker saw the sea in Jeju.
198,reading,topik_1,short_reading_comprehension (43-48),저는 어제 연극을 봤습니다. 그 연극이 재미있어서 어머니께 표 두 장을 사 드렸습니다. 어머니는 내일 할머니와 연극을 보러 가실 겁니다.,윗글의 내용이 같은 것을 고르십시오.,어머니는 연극 표를 사셨습니다.,저는 어머니와 연극을 봤습니다.,할머니는 내일 연극을 보실 겁니다.,어머니는 저에게 연극 표를 주셨습니다.,할머니는 내일 연극을 보실 겁니다.,The passage says the grandmother will watch the play tomorrow.
199,reading,topik_1,paragraph_fill_blank (49-56),눈은 한 번 나빠지면 다시 좋아지기 힘듭니다. 그래서 눈이 나빠지기 전에 눈 건강을 지켜야 합니다. 눈에 좋은 음식을 ( ) 눈 운동을 하면 눈 건강에 좋습니다. 그리고 멀리 있는 산이나 나무를 자주 보면 눈도 좋아집니다. 하지만 눈이 피곤할 때는 눈을 감고 쉬는 것이 제일 좋습니다.,㉠에 들어갈 말로 가장 알맞은 것을 고르십시오.,먹지만,먹거나,먹는데,먹으면,먹거나,"The sentence lists actions (eat healthy food or do eye exercises), so ""먹거나"" fits."
200,reading,topik_1,paragraph_fill_blank (49-56),눈은 한 번 나빠지면 다시 좋아지기 힘듭니다. 그래서 눈이 나빠지기 전에 눈 건강을 지켜야 합니다. 눈에 좋은 음식을 ( ) 눈 운동을 하면 눈 건강에 좋습니다. 그리고 멀리 있는 산이나 나무를 자주 보면 눈도 좋아집니다. 하지만 눈이 피곤할 때는 눈을 감고 쉬는 것이 제일 좋습니다.,무엇에 대한 이야기인지 맞는 것을 고르십시오.,눈에 좋은 음식,눈이 나빠지는 이유,눈 운동을 하는 시간,눈 건강을 지키는 방법,눈 건강을 지키는 방법,The passage explains how to take care of eye health.
201,reading,topik_1,paragraph_fill_blank (49-56),저는 목소리가 아주 큽니다. 작게 말하려고 하지만 제 목소리는 다른 사람보다 큽니다. 그래서 많은 사람들이 제 목소리를 싫어합니다. 그러나 우리 할머니는 제 목소리를 아주 좋아하십니다. 할머니가 ( ) 때 잘 안 들립니다. 그래서 저는 시간이 날 때마다 할머니 댁에 가서 책과 신문을 읽어 드립니다.,㉠에 들어갈 말로 가장 알맞은 것을 고르십시오.,말씀을 잘 안 하시기,듣는 것을 좋아하시기,말씀하는 것을 좋아하시기,작은 소리를 잘 못 들으시기,작은 소리를 잘 못 들으시기,"The grandmother cannot hear small sounds well, so it fits the context."
202,reading,topik_1,paragraph_fill_blank (49-56),저는 목소리가 아주 큽니다. 작게 말하려고 하지만 제 목소리는 다른 사람보다 큽니다. 그래서 많은 사람들이 제 목소리를 싫어합니다. 그러나 우리 할머니는 제 목소리를 아주 좋아하십니다. 할머니가 ( ) 때 잘 안 들립니다. 그래서 저는 시간이 날 때마다 할머니 댁에 가서 책과 신문을 읽어 드립니다.,윗글의 내용과 같은 것을 고르십시오.,저는 할머니와 같이 살고 있습니다.,제 목소리를 좋아하는 사람들이 많습니다.,우리 할머니는 큰 목소리를 좋아하십니다.,사람들은 보통 제 목소리를 잘 못 듣습니다.,우리 할머니는 큰 목소리를 좋아하십니다.,The passage says the grandmother likes the speaker’s loud voice.
203,reading,topik_1,paragraph_fill_blank (49-56),"우리 동네에는 ‘웃음 극장’이 있습니다. 저는 힘들 때마다 이 극장에 갑니다. 이곳에 가면 재미있는 공연을 볼 수 있기 때문입니다. 그런데 이 극장은 들어갈 때 돈을 내지 않고 나갈 때 돈을 냅니다. 이 극장에는 카메라들이 있어서 사람들의 웃는 모습을 찍습니다. 크게 많이 웃으면 돈을 적게 내고, 적게 웃으면 돈을 많이 냅니다. ( ) 사람들은 이곳에서 많이 웃으려고 합니다.",㉠에 들어갈 말로 가장 알맞은 것을 고르십시오.,그러면,그리고,그러나,그래서,그래서,"The sentence shows a result, so ""그래서"" fits."
204,reading,topik_1,paragraph_fill_blank (49-56),"우리 동네에는 ‘웃음 극장’이 있습니다. 저는 힘들 때마다 이 극장에 갑니다. 이곳에 가면 재미있는 공연을 볼 수 있기 때문입니다. 그런데 이 극장은 들어갈 때 돈을 내지 않고 나갈 때 돈을 냅니다. 이 극장에는 카메라들이 있어서 사람들의 웃는 모습을 찍습니다. 크게 많이 웃으면 돈을 적게 내고, 적게 웃으면 돈을 많이 냅니다. ( ) 사람들은 이곳에서 많이 웃으려고 합니다.",윗글의 내용과 같은 것을 고르십시오.,저는 웃음 극장에서 공연을 준비합니다.,저는 기분이 좋으면 웃음 극장에 갑니다.,웃음 극장에서는 사람들의 사진을 찍습니다.,웃음 극장에서는 사람에게 돈을 받지 않습니다.,웃음 극장에서는 사람들의 사진을 찍습니다.,The passage says cameras record people’s smiling faces.
205,reading,topik_1,sentence_order (57-58),(가) 볼펜으로 글을 쓰면 지우개로 지울 수 없습니다. (나) 내일 쓰기 시험을 볼 때 이 볼펜을 사용하려고 합니다. (다) 그런데 지우개로 지울 수 있는 볼펜을 친구한테서 받았습니다. (라) 그러면 잘못 쓴 글을 쉽게 지울 수가 있어서 편할 것 같습니다.,다음 순서에 맞게 배열한 것을 고르십시오.,(가)-(나)-(다)-(라),(가)-(나)-(라)-(다),(가)-(다)-(나)-(라),(가)-(다)-(라)-(나),(가)-(다)-(라)-(나),The idea flows: problem → new pen → advantage → plan to use.
206,reading,topik_1,sentence_order (57-58),(가) 그 동전들은 보통 한국에서는 사용할 수 없습니다. (나) 공항버스 매표소에서 그것으로 표를 살 수 있기 때문입니다. (다) 중국이나 일본에 다녀온 후에 동전이 남을 때가 있습니다. (라) 그런데 이제 그 동전으로 공항버스를 탈 수 있게 되었습니다.,다음 순서에 맞게 배열한 것을 고르십시오.,(다)-(가)-(나)-(라),(다)-(가)-(라)-(나),(다)-(라)-(가)-(나),(다)-(라)-(나)-(가),(다)-(라)-(가)-(나),Flow: situation → new change → explanation → general statement.
207,reading,topik_1,grammar_fill_blank (34-39),서점에 갑니다. ( )을 삽니다.,㉠에 들어갈 말로 가장 알맞은 것을 고르십시오.,책,물,옷,빵,책,You buy books at a bookstore.
208,reading,topik_1,grammar_fill_blank (34-39),한국어가 어렵습니다. 친구( ) 물어봅니다.,㉠에 들어갈 말로 가장 알맞은 것을 고르십시오.,의,를,에게,에서,에게,에게 is used when asking someone.
209,reading,topik_1,grammar_fill_blank (34-39),학교가 ( ). 그래서 걸어서 갑니다.,㉠에 들어갈 말로 가장 알맞은 것을 고르십시오.,작습니다,많습니다,가깝습니다,깨끗합니다,가깝습니다,"If school is close, you can walk."
210,reading,topik_1,grammar_fill_blank (34-39),영화가 끝났습니다. 극장에서 ( ).,㉠에 들어갈 말로 가장 알맞은 것을 고르십시오.,삽니다,씁니다,지냅니다,나갑니다,나갑니다,"After a movie ends, you leave the theater."
211,reading,topik_1,grammar_fill_blank (34-39),바다 여행이 재미있었습니다. 다음에 ( ) 갈 겁니다.,㉠에 들어갈 말로 가장 알맞은 것을 고르십시오.,다시,서로,아주,제일,다시,"다시 means ""again"", which fits the sentence."
212,reading,topik_1,grammar_fill_blank (34-39),눈이 옵니다. 그리고 바람도 ( ).,㉠에 들어갈 말로 가장 알맞은 것을 고르십시오.,춥니다,붑니다,옵니다,덥니다,붑니다,"Wind ""blows"", so ""붑니다"" is correct."
213,reading,topik_1,notice_ad_understanding (40-42),"일정표: 20일 수영, 21일 민수 씨와 점심 약속, 22일 쇼핑, 23일 수영, 24일 동생 생일, 25일 미영 씨와 등산.",맞지 않는 것을 고르십시오.,금요일에 민수 씨를 만납니다.,주말에 미영 씨와 산에 갑니다.,일주일에 두 번 수영을 합니다.,시월 이십이 일에 쇼핑을 합니다.,금요일에 민수 씨를 만납니다.,"The lunch with Minsu is on Tuesday, not Friday."
214,reading,topik_1,notice_ad_understanding (40-42),"문자 메시지: 민수 씨가 도서관에 있어서 전화를 못 받았고, 10분 후에 다시 전화하겠다고 함.",맞지 않는 것을 고르십시오.,민수 씨는 도서관에 있습니다.,마이클 씨는 도서관에 올 겁니다.,민수 씨는 10분 후에 전화할 겁니다.,마이클 씨는 민수 씨에게 전화를 했습니다.,마이클 씨는 도서관에 올 겁니다.,The message does not say Michael will go to the library.
215,reading,topik_1,short_reading_comprehension (43-48),저는 그림을 배웁니다. 주말마다 공원에 가서 그림을 그립니다. 가끔 어머니와 미술관에 가서 구경을 합니다.,윗글의 내용이 같은 것을 고르십시오.,저는 어머니와 공원에 갑니다.,어머니는 그림 공부를 합니다.,저는 공원에서 그림을 그립니다.,어머니는 혼자 미술관에 갑니다.,저는 공원에서 그림을 그립니다.,The passage says the speaker draws in the park.
216,reading,topik_1,short_reading_comprehension (43-48),오늘 저녁에 손님이 옵니다. 그래서 아침에 꽃도 사고 집도 청소했습니다. 회사가 끝나면 집에 일찍 가서 음식을 준비할 겁니다.,윗글의 내용이 같은 것을 고르십시오.,저녁에 청소를 할 겁니다.,손님과 저녁을 먹을 겁니다.,음식을 벌써 준비했습니다.,손님이 꽃을 사 올 겁니다.,손님과 저녁을 먹을 겁니다.,The guest is coming for dinner.
217,reading,topik_1,short_reading_comprehension (43-48),저는 마음이 아프고 힘들 때 친구를 만납니다. 친구를 만나서 제 생각을 친구에게 이야기합니다. 그러면 기분이 좋고 즐겁습니다.,윗글의 내용이 같은 것을 고르십시오.,저는 친구의 이야기를 잘 듣습니다.,저는 친구를 만나면 마음이 아픕니다.,저는 기분이 좋을 때 친구를 만납니다.,저는 힘들 때 친구와 이야기를 합니다.,저는 힘들 때 친구와 이야기를 합니다.,The speaker talks with a friend when feeling sad.
218,reading,topik_1,short_reading_comprehension (43-48),저는 아이들에게 가방을 만들어 줍니다. 다른 사람에게도 자주 가방을 만들어서 선물합니다. 가방 만들기는 어렵지만 재미있습니다.,윗글의 내용이 같은 것을 고르십시오.,저는 가방 만들기가 어렵습니다.,저는 가방 만들기를 좋아합니다.,저는 다른 사람과 가방을 만듭니다.,저는 아이들에게 가방을 선물합니다.,저는 아이들에게 가방을 선물합니다.,The speaker gives bags to children as gifts.
219,reading,topik_1,short_reading_comprehension (43-48),친구가 다리가 아파서 수업에 못 왔습니다. 저는 오후에 친구에게 숙제를 말해 줄 겁니다. 내일은 친구 집에 가서 함께 학교에 가려고 합니다.,윗글의 내용이 같은 것을 고르십시오.,저는 친구를 도와줄 겁니다.,저는 친구와 살고 싶습니다.,저는 친구 집에서 숙제를 할 겁니다.,저는 보통 친구와 같이 학교에 갑니다.,저는 친구를 도와줄 겁니다.,The speaker plans to help the friend.
220,reading,topik_1,short_reading_comprehension (43-48),형은 어릴 때 조용하고 말이 없었습니다. 그리고 혼자 있는 것을 좋아했습니다. 그런데 지금은 재미있는 말도 많이 하고 사람들도 자주 만납니다.,윗글의 내용이 같은 것을 고르십시오.,형은 옛날과 많이 다릅니다.,형은 요즘 말을 잘 안 합니다.,형은 재미있는 이야기를 못 합니다.,형은 옛날에 사람들을 자주 만났습니다.,형은 옛날과 많이 다릅니다.,The passage contrasts past and present behavior.